,ds,y
0,2006-01-03,9.463944999999999
1,2006-01-04,9.491798
2,2006-01-05,9.417100999999999
3,2006-01-06,9.66019
4,2006-01-09,9.628536
5,2006-01-10,10.23752
6,2006-01-11,10.622409
7,2006-01-12,10.671783999999999
8,2006-01-13,10.836376
9,2006-01-17,10.724963
10,2006-01-18,10.443892
11,2006-01-19,10.007092
12,2006-01-20,9.633600999999999
13,2006-01-23,9.833642
14,2006-01-24,9.62727
15,2006-01-25,9.394312
16,2006-01-26,9.157555
17,2006-01-27,9.119572999999999
18,2006-01-30,9.495598
19,2006-01-31,9.560169
20,2006-02-01,9.548771
21,2006-02-02,9.128430999999999
22,2006-02-03,9.096784
23,2006-02-06,8.520717
24,2006-02-07,8.558699
25,2006-02-08,8.711895
26,2006-02-09,8.223186
27,2006-02-10,8.521981
28,2006-02-13,8.192803999999999
29,2006-02-14,8.563765
30,2006-02-15,8.763803
31,2006-02-16,8.934723
32,2006-02-17,8.899275
33,2006-02-21,8.746077
34,2006-02-22,9.029681
35,2006-02-23,9.084125
36,2006-02-24,9.047404
37,2006-02-27,8.987899
38,2006-02-28,8.671375999999999
39,2006-03-01,8.748609
40,2006-03-02,8.813180000000001
41,2006-03-03,8.573891
42,2006-03-06,8.290291
43,2006-03-07,8.395375
44,2006-03-08,8.313077999999999
45,2006-03-09,8.094049
46,2006-03-10,8.000359
47,2006-03-13,8.315612
48,2006-03-14,8.523252000000001
49,2006-03-15,8.385244
50,2006-03-16,8.142159
51,2006-03-17,8.18647
52,2006-03-20,8.101644
53,2006-03-21,7.8256369999999995
54,2006-03-22,7.807914
55,2006-03-23,7.616733999999999
56,2006-03-24,7.591413
57,2006-03-27,7.534439999999999
58,2006-03-28,7.433155
59,2006-03-29,7.8914740000000005
60,2006-03-30,7.944649000000001
61,2006-03-31,7.940850999999999
62,2006-04-03,7.931989999999999
63,2006-04-04,7.744607000000001
64,2006-04-05,8.509321
65,2006-04-06,9.019551
66,2006-04-07,8.835971
67,2006-04-10,8.694171
68,2006-04-11,8.608077999999999
69,2006-04-12,8.446016
70,2006-04-13,8.41563
71,2006-04-17,8.205461999999999
72,2006-04-18,8.383979
73,2006-04-19,8.311814
74,2006-04-20,8.562497
75,2006-04-21,8.487797
76,2006-04-24,8.324471
77,2006-04-25,8.377647999999999
78,2006-04-26,8.628333
79,2006-04-27,8.781528
80,2006-04-28,8.911934
81,2006-05-01,8.811914999999999
82,2006-05-02,9.067662
83,2006-05-03,9.006889
84,2006-05-04,9.005627
85,2006-05-05,9.101844999999999
86,2006-05-08,9.101844999999999
87,2006-05-09,8.992963
88,2006-05-10,8.938523
89,2006-05-11,8.628333
90,2006-05-12,8.571361
91,2006-05-15,8.582754
92,2006-05-16,8.226985
93,2006-05-17,8.262436
94,2006-05-18,7.999091
95,2006-05-19,8.16748
96,2006-05-22,8.024411
97,2006-05-23,7.995292999999999
98,2006-05-24,8.019349
99,2006-05-25,8.144689999999999
100,2006-05-26,8.045933999999999
101,2006-05-30,7.750941
102,2006-05-31,7.5673580000000005
103,2006-06-01,7.871217
104,2006-06-02,7.806648
105,2006-06-05,7.596478
106,2006-06-06,7.561028
107,2006-06-07,7.414161999999999
108,2006-06-08,7.692701
109,2006-06-09,7.500257
110,2006-06-12,7.216655
111,2006-06-13,7.385041
112,2006-06-14,7.293883
113,2006-06-15,7.517981
114,2006-06-16,7.287553999999999
115,2006-06-19,7.241975999999999
116,2006-06-20,7.276160000000001
117,2006-06-21,7.3255360000000005
118,2006-06-22,7.543303
119,2006-06-23,7.448347
120,2006-06-26,7.468603999999999
121,2006-06-27,7.271096000000001
122,2006-06-28,7.092578
123,2006-06-29,7.466073
124,2006-06-30,7.250839
125,2006-07-03,7.336932000000001
126,2006-07-05,7.216655
127,2006-07-06,7.060928
128,2006-07-07,7.014081
129,2006-07-10,6.963437
130,2006-07-11,7.045733
131,2006-07-12,6.705158
132,2006-07-13,6.615264999999999
133,2006-07-14,6.4152260000000005
134,2006-07-17,6.630458999999999
135,2006-07-18,6.697562
136,2006-07-19,6.849489999999999
137,2006-07-20,7.659781
138,2006-07-21,7.687636
139,2006-07-24,7.776261
140,2006-07-25,7.840831
141,2006-07-26,8.086449
142,2006-07-27,8.026946
143,2006-07-28,8.304216
144,2006-07-31,8.604277
145,2006-08-01,8.505523
146,2006-08-02,8.629599
147,2006-08-03,8.81065
148,2006-08-04,8.647322
149,2006-08-07,8.509321
150,2006-08-08,8.201664
151,2006-08-09,8.051
152,2006-08-10,8.111773
153,2006-08-11,8.058597
154,2006-08-14,8.095315
155,2006-08-15,8.413098
156,2006-08-16,8.606808000000001
157,2006-08-17,8.557433
158,2006-08-18,8.597945
159,2006-08-21,8.427026
160,2006-08-22,8.561231
161,2006-08-23,8.521981
162,2006-08-24,8.585285
163,2006-08-25,8.704299
164,2006-08-28,8.480201
165,2006-08-29,8.416897
166,2006-08-30,8.477672
167,2006-08-31,8.590349
168,2006-09-01,8.657451
169,2006-09-05,9.049938000000001
170,2006-09-06,8.866356
171,2006-09-07,9.217058999999999
172,2006-09-08,9.181607000000001
173,2006-09-11,9.179076
174,2006-09-12,9.195535000000001
175,2006-09-13,9.394312
176,2006-09-14,9.390514
177,2006-09-15,9.381651
178,2006-09-18,9.355064
179,2006-09-19,9.339869
180,2006-09-20,9.528516
181,2006-09-21,9.451284
182,2006-09-22,9.242382000000001
183,2006-09-25,9.590551
184,2006-09-26,9.826045
185,2006-09-27,9.674116999999999
186,2006-09-28,9.75008
187,2006-09-29,9.746284
188,2006-10-02,9.477872
189,2006-10-03,9.379119000000001
190,2006-10-04,9.543709
191,2006-10-05,9.474072999999999
192,2006-10-06,9.396842
193,2006-10-09,9.448754
194,2006-10-10,9.344934
195,2006-10-11,9.271502
196,2006-10-12,9.528516
197,2006-10-13,9.498128999999999
198,2006-10-16,9.54624
199,2006-10-17,9.405706
200,2006-10-18,9.43609
201,2006-10-19,10.000765
202,2006-10-20,10.122305
203,2006-10-23,10.313486
204,2006-10-24,10.261576
205,2006-10-25,10.341338
206,2006-10-26,10.40591
207,2006-10-27,10.180548
208,2006-10-30,10.181811
209,2006-10-31,10.265374000000001
210,2006-11-01,10.022286
211,2006-11-02,9.999496
212,2006-11-03,9.912141
213,2006-11-06,10.091921000000001
214,2006-11-07,10.193208
215,2006-11-08,10.438825
216,2006-11-09,10.551507
217,2006-11-10,10.523653
218,2006-11-13,10.679382
219,2006-11-14,10.761678
220,2006-11-15,10.641399
221,2006-11-16,10.838909
222,2006-11-17,10.869291
223,2006-11-20,10.947789
224,2006-11-21,11.217464999999999
225,2006-11-22,11.433964999999999
226,2006-11-24,11.601088
227,2006-11-27,11.336475
228,2006-11-28,11.623877
229,2006-11-29,11.622611000000001
230,2006-11-30,11.604886
231,2006-12-01,11.561838
232,2006-12-04,11.536518
233,2006-12-05,11.555511
234,2006-12-06,11.373192999999999
235,2006-12-07,11.019958
236,2006-12-08,11.174418
237,2006-12-11,11.236458
238,2006-12-12,10.90601
239,2006-12-13,11.274439
240,2006-12-14,11.211136
241,2006-12-15,11.106052
242,2006-12-18,10.821183999999999
243,2006-12-19,10.927535
244,2006-12-20,10.731291
245,2006-12-21,10.495802000000001
246,2006-12-22,10.407175
247,2006-12-26,10.319818
248,2006-12-27,10.321083
249,2006-12-28,10.238783999999999
250,2006-12-29,10.741422
251,2007-01-03,10.609749
252,2007-01-04,10.845238
253,2007-01-05,10.768006
254,2007-01-08,10.821183999999999
255,2007-01-09,11.7201
256,2007-01-10,12.280973
257,2007-01-11,12.129044
258,2007-01-12,11.979647
259,2007-01-16,12.293633
260,2007-01-17,12.021426
261,2007-01-18,11.276973
262,2007-01-19,11.204806
263,2007-01-22,10.988305
264,2007-01-23,10.850301
265,2007-01-24,10.976911999999999
266,2007-01-25,10.919936
267,2007-01-26,10.809789
268,2007-01-29,10.880688000000001
269,2007-01-30,10.83131
270,2007-01-31,10.8541
271,2007-02-01,10.728761
272,2007-02-02,10.730025999999999
273,2007-02-05,10.627473
274,2007-02-06,10.654061
275,2007-02-07,10.907276
276,2007-02-08,10.911077
277,2007-02-09,10.542646000000001
278,2007-02-12,10.746485
279,2007-02-13,10.723695
280,2007-02-14,10.799662
281,2007-02-15,10.788263
282,2007-02-16,10.740153
283,2007-02-20,10.875625999999999
284,2007-02-21,11.29343
285,2007-02-22,11.33268
286,2007-02-23,11.276973
287,2007-02-26,11.206071000000001
288,2007-02-27,10.626207
289,2007-02-28,10.712297
290,2007-03-01,11.022491
291,2007-03-02,10.813587
292,2007-03-05,10.928798
293,2007-03-06,11.165556
294,2007-03-07,11.106052
295,2007-03-08,11.1415
296,2007-03-09,11.137703
297,2007-03-12,11.378259
298,2007-03-13,11.192143
299,2007-03-14,11.394715
300,2007-03-15,11.340276
301,2007-03-16,11.342808
302,2007-03-19,11.537785000000001
303,2007-03-20,11.582098
304,2007-03-21,11.884688
305,2007-03-22,11.896085000000001
306,2007-03-23,11.840376
307,2007-03-26,12.135372
308,2007-03-27,12.085997
309,2007-03-28,11.804925
310,2007-03-29,11.869498
311,2007-03-30,11.763144
312,2007-04-02,11.856836
313,2007-04-03,11.964453
314,2007-04-04,11.935333
315,2007-04-05,11.987242
316,2007-04-09,11.856836
317,2007-04-10,11.9328
318,2007-04-11,11.722633
319,2007-04-12,11.671989
320,2007-04-13,11.425105
321,2007-04-16,11.575768
322,2007-04-17,11.439028
323,2007-04-18,11.44536
324,2007-04-19,11.428901
325,2007-04-20,11.517527000000001
326,2007-04-23,11.839113000000001
327,2007-04-24,11.804925
328,2007-04-25,12.072069
329,2007-04-26,12.51393
330,2007-04-27,12.650667
331,2007-04-30,12.635475999999999
332,2007-05-01,12.593694000000001
333,2007-05-02,12.710175999999999
334,2007-05-03,12.711439
335,2007-05-04,12.763347999999999
336,2007-05-07,13.157101
337,2007-05-08,13.301435000000001
338,2007-05-09,13.531858999999999
339,2007-05-10,13.590098999999999
340,2007-05-11,13.767351000000001
341,2007-05-14,13.845848000000002
342,2007-05-15,13.612889000000001
343,2007-05-16,13.590098999999999
344,2007-05-17,13.855977
345,2007-05-18,13.92941
346,2007-05-21,14.177560999999999
347,2007-05-22,14.375070000000001
348,2007-05-23,14.29277
349,2007-05-24,14.014235000000001
350,2007-05-25,14.385197
351,2007-05-29,14.477620000000002
352,2007-05-30,15.037227
353,2007-05-31,15.343616
354,2007-06-01,14.990388000000001
355,2007-06-04,15.361345000000002
356,2007-06-05,15.531001999999999
357,2007-06-06,15.653807
358,2007-06-07,15.70825
359,2007-06-08,15.761422
360,2007-06-11,15.217014
361,2007-06-12,15.241064000000001
362,2007-06-13,14.876437
363,2007-06-14,15.034697
364,2007-06-15,15.256260999999999
365,2007-06-18,15.837387
366,2007-06-19,15.656344
367,2007-06-20,15.389203
368,2007-06-21,15.686729000000001
369,2007-06-22,15.572780999999999
370,2007-06-25,15.489214000000002
371,2007-06-26,15.148642
372,2007-06-27,15.432244
373,2007-06-28,15.263856
374,2007-06-29,15.451239000000001
375,2007-07-02,15.352483
376,2007-07-03,16.100735
377,2007-07-05,16.807203
378,2007-07-06,16.750232999999998
379,2007-07-09,16.500823999999998
380,2007-07-10,16.756563
381,2007-07-11,16.761631
382,2007-07-12,16.974331
383,2007-07-13,17.437716
384,2007-07-16,17.484560000000002
385,2007-07-17,17.587111
386,2007-07-18,17.487091
387,2007-07-19,17.725115
388,2007-07-20,18.199894
389,2007-07-23,18.193567
390,2007-07-24,17.07815
391,2007-07-25,17.378211999999998
392,2007-07-26,18.484764000000002
393,2007-07-27,18.212555
394,2007-07-30,17.906162
395,2007-07-31,16.681867999999998
396,2007-08-01,17.092079000000002
397,2007-08-02,17.280720000000002
398,2007-08-03,16.693260000000002
399,2007-08-06,17.123732
400,2007-08-07,17.095873
401,2007-08-08,16.96673
402,2007-08-09,16.001982
403,2007-08-10,15.825997000000001
404,2007-08-13,16.179232
405,2007-08-14,15.703184
406,2007-08-15,15.180295000000001
407,2007-08-16,14.819460000000001
408,2007-08-17,15.45377
409,2007-08-20,15.474027
410,2007-08-21,16.151379000000002
411,2007-08-22,16.776823
412,2007-08-23,16.594507
413,2007-08-24,17.130054
414,2007-08-27,16.743906
415,2007-08-28,16.056421
416,2007-08-29,16.975594
417,2007-08-30,17.250334
418,2007-08-31,17.532669
419,2007-09-04,18.251808
420,2007-09-05,17.314901000000003
421,2007-09-06,17.093346
422,2007-09-07,16.683128
423,2007-09-10,17.308571
424,2007-09-11,17.15411
425,2007-09-12,17.326302
426,2007-09-13,17.370613
427,2007-09-14,17.574455
428,2007-09-17,17.523808
429,2007-09-18,17.841591
430,2007-09-19,17.822607
431,2007-09-20,17.764362
432,2007-09-21,18.250532
433,2007-09-24,18.773432
434,2007-09-25,19.393808
435,2007-09-26,19.341904
436,2007-09-27,19.560926000000002
437,2007-09-28,19.430525
438,2007-10-01,19.793885999999997
439,2007-10-02,20.061031
440,2007-10-03,19.993925
441,2007-10-04,19.781229
442,2007-10-05,20.440857
443,2007-10-08,21.258745
444,2007-10-09,21.252415
445,2007-10-10,21.116947
446,2007-10-11,20.53961
447,2007-10-12,21.175179
448,2007-10-15,21.140999
449,2007-10-16,21.470182
450,2007-10-17,21.871525
451,2007-10-18,21.966484
452,2007-10-19,21.576527
453,2007-10-22,22.075369
454,2007-10-23,23.569338000000002
455,2007-10-24,23.540218
456,2007-10-25,23.141403
457,2007-10-26,23.384495
458,2007-10-29,23.433870000000002
459,2007-10-30,23.675686
460,2007-10-31,24.049175
461,2007-11-01,23.731398000000002
462,2007-11-02,23.785839000000003
463,2007-11-05,23.571875
464,2007-11-06,24.282139
465,2007-11-07,23.587069
466,2007-11-08,22.2159
467,2007-11-09,20.937157
468,2007-11-12,19.467236
469,2007-11-13,21.51829
470,2007-11-14,21.030853
471,2007-11-15,20.801689
472,2007-11-16,21.066295999999998
473,2007-11-19,20.757378
474,2007-11-20,21.377758
475,2007-11-21,21.328375
476,2007-11-23,21.718329999999998
477,2007-11-26,21.84494
478,2007-11-27,22.132339
479,2007-11-28,22.817289000000002
480,2007-11-29,23.332582000000002
481,2007-11-30,23.070503
482,2007-12-03,22.645098
483,2007-12-04,22.765379
484,2007-12-05,23.485782999999998
485,2007-12-06,24.049175
486,2007-12-07,24.599937
487,2007-12-10,24.588531
488,2007-12-11,23.870667
489,2007-12-12,24.164398000000002
490,2007-12-13,24.287203
491,2007-12-14,24.104891000000002
492,2007-12-17,23.346508
493,2007-12-18,23.166719
494,2007-12-19,23.184456
495,2007-12-20,23.702276
496,2007-12-21,24.550552
497,2007-12-24,25.169666
498,2007-12-26,25.188655999999998
499,2007-12-27,25.140545
500,2007-12-28,25.300072
501,2007-12-31,25.078506
502,2008-01-02,24.668295
503,2008-01-03,24.679693
504,2008-01-04,22.795767
505,2008-01-07,22.490635
506,2008-01-08,21.681614
507,2008-01-09,22.71347
508,2008-01-10,22.538744
509,2008-01-11,21.863926
510,2008-01-14,22.634975
511,2008-01-15,21.401808
512,2008-01-16,20.211693
513,2008-01-17,20.369954999999997
514,2008-01-18,20.429461
515,2008-01-22,19.705267000000003
516,2008-01-23,17.60737
517,2008-01-24,17.168043
518,2008-01-25,16.4603
519,2008-01-28,16.4603
520,2008-01-29,16.654013
521,2008-01-30,16.735043
522,2008-01-31,17.137657
523,2008-02-01,16.933817
524,2008-02-04,16.667938
525,2008-02-05,16.378006
526,2008-02-06,15.446174
527,2008-02-07,15.349954
528,2008-02-08,15.886764999999999
529,2008-02-11,16.389402
530,2008-02-12,15.808270000000002
531,2008-02-13,16.383066
532,2008-02-14,16.137453
533,2008-02-15,15.77915
534,2008-02-19,15.468962
535,2008-02-20,15.676597000000001
536,2008-02-21,15.387935
537,2008-02-22,15.124587
538,2008-02-25,15.160041
539,2008-02-26,15.085339000000001
540,2008-02-27,15.567714000000002
541,2008-02-28,16.447639000000002
542,2008-02-29,15.828528
543,2008-03-03,15.411985000000001
544,2008-03-04,15.777882
545,2008-03-05,15.761422
546,2008-03-06,15.310702
547,2008-03-07,15.477823999999998
548,2008-03-10,15.153709
549,2008-03-11,16.123528
550,2008-03-12,15.956404000000001
551,2008-03-13,16.198227
552,2008-03-14,16.029835000000002
553,2008-03-17,16.045030999999998
554,2008-03-18,16.816069
555,2008-03-19,16.417254999999997
556,2008-03-20,16.873043
557,2008-03-24,17.665609
558,2008-03-25,17.849192000000002
559,2008-03-26,18.365755
560,2008-03-27,17.756764999999998
561,2008-03-28,18.106205
562,2008-03-31,18.168249
563,2008-04-01,18.931692
564,2008-04-02,18.673409
565,2008-04-03,19.195032
566,2008-04-04,19.381149
567,2008-04-07,19.736916
568,2008-04-08,19.350758
569,2008-04-09,19.173507999999998
570,2008-04-10,19.567259
571,2008-04-11,18.629101000000002
572,2008-04-14,18.710129000000002
573,2008-04-15,18.786091
574,2008-04-16,19.459646
575,2008-04-17,19.559662
576,2008-04-18,20.388948000000003
577,2008-04-21,21.290395999999998
578,2008-04-22,20.2826
579,2008-04-23,20.623175
580,2008-04-24,21.389149
581,2008-04-25,21.48917
582,2008-04-28,21.806955
583,2008-04-29,22.162722
584,2008-04-30,22.023455
585,2008-05-01,22.789431
586,2008-05-02,22.908442
587,2008-05-05,23.388287
588,2008-05-06,23.632642999999998
589,2008-05-07,23.117348
590,2008-05-08,23.430073
591,2008-05-09,23.226233999999998
592,2008-05-12,23.82255
593,2008-05-13,24.050446
594,2008-05-14,23.581999
595,2008-05-15,24.021332
596,2008-05-16,23.754186999999998
597,2008-05-19,23.245222000000002
598,2008-05-20,23.536419
599,2008-05-21,22.560274
600,2008-05-22,22.415945
601,2008-05-23,22.937569
602,2008-05-27,23.603521
603,2008-05-28,23.67695
604,2008-05-29,23.63644
605,2008-05-30,23.897254999999998
606,2008-06-02,23.561745000000002
607,2008-06-03,23.469317999999998
608,2008-06-04,23.446531
609,2008-06-05,23.983345
610,2008-06-06,23.503498
611,2008-06-09,22.993279
612,2008-06-10,23.503498
613,2008-06-11,22.891985000000002
614,2008-06-12,21.936089000000003
615,2008-06-13,21.823418
616,2008-06-16,22.389353
617,2008-06-17,22.970484
618,2008-06-18,22.631172
619,2008-06-19,22.903381
620,2008-06-20,22.190578
621,2008-06-23,21.923435
622,2008-06-24,21.934832
623,2008-06-25,22.458988
624,2008-06-26,21.303059
625,2008-06-27,21.53475
626,2008-06-30,21.199244
627,2008-07-01,22.115879
628,2008-07-02,21.292925
629,2008-07-03,21.538548000000002
630,2008-07-07,22.176648999999998
631,2008-07-08,22.732457999999998
632,2008-07-09,22.061434
633,2008-07-10,22.362766
634,2008-07-11,21.850002
635,2008-07-14,22.014592999999998
636,2008-07-15,21.477774
637,2008-07-16,21.879123999999997
638,2008-07-17,21.752512
639,2008-07-18,20.909306
640,2008-07-21,21.053635
641,2008-07-22,20.513023
642,2008-07-23,21.049839000000002
643,2008-07-24,20.13446
644,2008-07-25,20.525684
645,2008-07-28,19.548271
646,2008-07-29,19.887577
647,2008-07-30,20.242079
648,2008-07-31,20.124338
649,2008-08-01,19.834401999999997
650,2008-08-04,19.400139000000003
651,2008-08-05,20.338301
652,2008-08-06,20.787760000000002
653,2008-08-07,20.709267
654,2008-08-08,21.466381
655,2008-08-11,21.974079
656,2008-08-12,22.375427
657,2008-08-13,22.700804
658,2008-08-14,22.703346
659,2008-08-15,22.250078
660,2008-08-18,22.205772
661,2008-08-19,21.970285
662,2008-08-20,22.262747
663,2008-08-21,22.066505
664,2008-08-22,22.383022
665,2008-08-25,21.846204999999998
666,2008-08-26,21.984209
667,2008-08-27,22.114607
668,2008-08-28,21.996868
669,2008-08-29,21.463854
670,2008-09-02,21.040974
671,2008-09-03,21.138464000000003
672,2008-09-04,20.411735999999998
673,2008-09-05,20.280066
674,2008-09-08,19.993925
675,2008-09-09,19.203897
676,2008-09-10,19.195032
677,2008-09-11,19.326704
678,2008-09-12,18.856993
679,2008-09-15,17.770692999999998
680,2008-09-16,17.709925
681,2008-09-17,16.184296
682,2008-09-18,16.976858
683,2008-09-19,17.840328
684,2008-09-22,16.591976000000003
685,2008-09-23,16.058956
686,2008-09-24,16.295711999999998
687,2008-09-25,16.703386
688,2008-09-26,16.236207999999998
689,2008-09-29,13.326756
690,2008-09-30,14.390260000000001
691,2008-10-01,13.815463000000001
692,2008-10-02,12.673456
693,2008-10-03,12.289835
694,2008-10-06,12.425307
695,2008-10-07,11.288364999999999
696,2008-10-08,11.368129
697,2008-10-09,11.235191
698,2008-10-10,12.255652
699,2008-10-13,13.959795999999999
700,2008-10-14,13.177357999999998
701,2008-10-15,12.401252000000001
702,2008-10-16,12.900085
703,2008-10-17,12.331614
704,2008-10-20,12.463287
705,2008-10-21,11.58336
706,2008-10-22,12.264515
707,2008-10-23,12.436698
708,2008-10-24,12.202475999999999
709,2008-10-27,11.659326
710,2008-10-28,12.649403
711,2008-10-29,13.236861
712,2008-10-30,14.058547
713,2008-10-31,13.621751000000001
714,2008-11-03,13.541986999999999
715,2008-11-04,14.052216
716,2008-11-05,13.078600999999999
717,2008-11-06,12.546847999999999
718,2008-11-07,12.437966000000001
719,2008-11-10,12.139171000000001
720,2008-11-11,11.998636999999999
721,2008-11-12,11.40991
722,2008-11-13,12.210074
723,2008-11-14,11.425105
724,2008-11-17,11.159225
725,2008-11-18,11.383321
726,2008-11-19,10.925001
727,2008-11-20,10.190675
728,2008-11-21,10.455286
729,2008-11-24,11.768208999999999
730,2008-11-25,11.496006
731,2008-11-26,12.027756
732,2008-11-28,11.73276
733,2008-12-01,11.259245
734,2008-12-02,11.707439
735,2008-12-03,12.141703999999999
736,2008-12-04,11.573236
737,2008-12-05,11.901148
738,2008-12-08,12.625346
739,2008-12-09,12.668391999999999
740,2008-12-10,12.434168
741,2008-12-11,12.027756
742,2008-12-12,12.441764
743,2008-12-15,11.996105
744,2008-12-16,12.082199000000001
745,2008-12-17,11.288364999999999
746,2008-12-18,11.322549
747,2008-12-19,11.394715
748,2008-12-22,10.855367
749,2008-12-23,10.936397
750,2008-12-24,10.766742
751,2008-12-26,10.864227
752,2008-12-29,10.965516000000001
753,2008-12-30,10.925001
754,2008-12-31,10.805989
755,2009-01-02,11.489671000000001
756,2009-01-05,11.974584
757,2009-01-06,11.777075
758,2009-01-07,11.52259
759,2009-01-08,11.736559
760,2009-01-09,11.46815
761,2009-01-12,11.225063
762,2009-01-13,11.104785000000001
763,2009-01-14,10.803457
764,2009-01-15,10.556573
765,2009-01-16,10.423635
766,2009-01-20,9.900742999999999
767,2009-01-21,10.486938
768,2009-01-22,11.18708
769,2009-01-23,11.18708
770,2009-01-26,11.349135
771,2009-01-27,11.487141000000001
772,2009-01-28,11.926472
773,2009-01-29,11.774541000000001
774,2009-01-30,11.411176
775,2009-02-02,11.585897000000001
776,2009-02-03,11.772008
777,2009-02-04,11.844173
778,2009-02-05,12.212603
779,2009-02-06,12.625346
780,2009-02-09,12.978583
781,2009-02-10,12.386058
782,2009-02-11,12.258182000000001
783,2009-02-12,12.568374
784,2009-02-13,12.554445
785,2009-02-17,11.968254
786,2009-02-18,11.947992999999999
787,2009-02-19,11.475746000000001
788,2009-02-20,11.546645
789,2009-02-23,11.008563
790,2009-02-24,11.426366999999999
791,2009-02-25,11.541583000000001
792,2009-02-26,11.292163
793,2009-02-27,11.307357000000001
794,2009-03-02,11.133904
795,2009-03-03,11.188345
796,2009-03-04,11.542848
797,2009-03-05,11.247850999999999
798,2009-03-06,10.799662
799,2009-03-09,10.522389
800,2009-03-10,11.221263
801,2009-03-11,11.734026
802,2009-03-12,12.198678
803,2009-03-13,12.1455
804,2009-03-16,12.080932
805,2009-03-17,12.617751
806,2009-03-18,12.853237
807,2009-03-19,12.865902
808,2009-03-20,12.862102
809,2009-03-23,13.630612
810,2009-03-24,13.483749
811,2009-03-25,13.482484
812,2009-03-26,13.910414999999999
813,2009-03-27,13.528061
814,2009-03-30,13.229266
815,2009-03-31,13.309031
816,2009-04-01,13.761019000000001
817,2009-04-02,14.269982999999998
818,2009-04-03,14.685257
819,2009-04-06,14.996711999999999
820,2009-04-07,14.559919
821,2009-04-08,14.727042
822,2009-04-09,15.138514
823,2009-04-13,15.220809
824,2009-04-14,14.978985999999999
825,2009-04-15,14.894162
826,2009-04-16,15.376534
827,2009-04-17,15.62595
828,2009-04-20,15.256260999999999
829,2009-04-21,15.415789000000002
830,2009-04-22,15.384135
831,2009-04-23,15.876639
832,2009-04-24,15.686729000000001
833,2009-04-27,15.791808999999999
834,2009-04-28,15.686729000000001
835,2009-04-29,15.843719
836,2009-04-30,15.931079
837,2009-05-01,16.109594
838,2009-05-04,16.721113
839,2009-05-05,16.802143
840,2009-05-06,16.775560000000002
841,2009-05-07,16.340025
842,2009-05-08,16.356486999999998
843,2009-05-11,16.404594
844,2009-05-12,15.752563
845,2009-05-13,15.128385999999999
846,2009-05-14,15.566446
847,2009-05-15,15.499348999999999
848,2009-05-18,16.034903
849,2009-05-19,16.136185
850,2009-05-20,15.936145999999999
851,2009-05-21,15.722176999999999
852,2009-05-22,15.509476999999999
853,2009-05-26,16.557785
854,2009-05-27,16.84519
855,2009-05-28,17.100939
856,2009-05-29,17.194626
857,2009-06-01,17.64282
858,2009-06-02,17.660549
859,2009-06-03,17.84539
860,2009-06-04,18.198631
861,2009-06-05,18.316374
862,2009-06-08,18.212555
863,2009-06-09,18.069487
864,2009-06-10,17.756764999999998
865,2009-06-11,17.718782
866,2009-06-12,17.341492000000002
867,2009-06-15,17.230082
868,2009-06-16,17.262995
869,2009-06-17,17.165508
870,2009-06-18,17.203492999999998
871,2009-06-19,17.659285
872,2009-06-22,17.392139
873,2009-06-23,16.96673
874,2009-06-24,17.246536
875,2009-06-25,17.707392000000002
876,2009-06-26,18.034039
877,2009-06-29,17.974535
878,2009-06-30,18.032770000000003
879,2009-07-01,18.08342
880,2009-07-02,17.727648000000002
881,2009-07-06,17.549129
882,2009-07-07,17.142720999999998
883,2009-07-08,17.373142
884,2009-07-09,17.264259
885,2009-07-10,17.537737
886,2009-07-13,18.021378
887,2009-07-14,18.012512
888,2009-07-15,18.59618
889,2009-07-16,18.677205999999998
890,2009-07-17,19.212759
891,2009-07-20,19.359623000000003
892,2009-07-21,19.182369
893,2009-07-22,19.844528
894,2009-07-23,19.981268
895,2009-07-24,20.256012
896,2009-07-27,20.269935999999998
897,2009-07-28,20.257275
898,2009-07-29,20.261074
899,2009-07-30,20.610512
900,2009-07-31,20.686476000000003
901,2009-08-03,21.071365
902,2009-08-04,20.959946
903,2009-08-05,20.904235999999997
904,2009-08-06,20.752312
905,2009-08-07,20.954887
906,2009-08-10,20.854868
907,2009-08-11,20.615574
908,2009-08-12,20.929564000000003
909,2009-08-13,21.323318
910,2009-08-14,21.115675
911,2009-08-17,20.205362
912,2009-08-18,20.763706
913,2009-08-19,20.83967
914,2009-08-20,21.058702
915,2009-08-21,21.424595
916,2009-08-24,21.404345000000003
917,2009-08-25,21.44739
918,2009-08-26,21.195439999999998
919,2009-08-27,21.453722
920,2009-08-28,21.529685999999998
921,2009-08-31,21.296726
922,2009-09-01,20.928303
923,2009-09-02,20.913103
924,2009-09-03,21.086554
925,2009-09-04,21.562601
926,2009-09-08,21.894323
927,2009-09-09,21.667685000000002
928,2009-09-10,21.847473
929,2009-09-11,21.796825
930,2009-09-14,21.994335
931,2009-09-15,22.176648999999998
932,2009-09-16,23.02619
933,2009-09-17,23.365499
934,2009-09-18,23.425005
935,2009-09-21,23.298401000000002
936,2009-09-22,23.356635999999998
937,2009-09-23,23.485782999999998
938,2009-09-24,23.273075
939,2009-09-25,23.089489
940,2009-09-28,23.568073000000002
941,2009-09-29,23.470585
942,2009-09-30,23.466782000000002
943,2009-10-01,22.898317000000002
944,2009-10-02,23.409815
945,2009-10-05,23.551614999999998
946,2009-10-06,24.056782000000002
947,2009-10-07,24.08717
948,2009-10-08,23.963095000000003
949,2009-10-09,24.115017
950,2009-10-12,24.158070000000002
951,2009-10-13,24.058046
952,2009-10-14,24.218834
953,2009-10-15,24.126410999999997
954,2009-10-16,23.808634
955,2009-10-19,24.037788
956,2009-10-20,25.164595000000002
957,2009-10-21,25.944504000000002
958,2009-10-22,25.979956
959,2009-10-23,25.820432999999998
960,2009-10-26,25.635576
961,2009-10-27,24.988617
962,2009-10-28,24.359369
963,2009-10-29,24.85947
964,2009-10-30,23.865601
965,2009-11-02,23.968155
966,2009-11-03,23.897254999999998
967,2009-11-04,24.158070000000002
968,2009-11-05,24.565742
969,2009-11-06,24.604996
970,2009-11-09,25.506449
971,2009-11-10,25.698885
972,2009-11-11,25.733068
973,2009-11-12,25.573545000000003
974,2009-11-13,25.884998
975,2009-11-16,26.161005
976,2009-11-17,26.207853
977,2009-11-18,26.076178
978,2009-11-19,25.386162
979,2009-11-20,25.311466
980,2009-11-23,26.066051
981,2009-11-24,25.883736
982,2009-11-25,25.852073999999998
983,2009-11-27,25.396292000000003
984,2009-11-30,25.310195999999998
985,2009-12-01,24.937970999999997
986,2009-12-02,24.844286
987,2009-12-03,24.875933
988,2009-12-04,24.475849
989,2009-12-07,23.922577
990,2009-12-08,24.039053
991,2009-12-09,25.043051000000002
992,2009-12-10,24.869602
993,2009-12-11,24.646772
994,2009-12-14,24.939239999999998
995,2009-12-15,24.583469
996,2009-12-16,24.692352
997,2009-12-17,24.291
998,2009-12-18,24.742995999999998
999,2009-12-21,25.097498
1000,2009-12-22,25.367167000000002
1001,2009-12-23,25.587471
1002,2009-12-24,26.466131
1003,2009-12-28,26.791512
1004,2009-12-29,26.473722
1005,2009-12-30,26.795310999999998
1006,2009-12-31,26.680096000000002
1007,2010-01-04,27.095369
1008,2010-01-05,27.14221
1009,2010-01-06,26.710482
1010,2010-01-07,26.661103999999998
1011,2010-01-08,26.838356
1012,2010-01-11,26.601601000000002
1013,2010-01-12,26.299009
1014,2010-01-13,26.669970000000003
1015,2010-01-14,26.515507
1016,2010-01-15,26.072376000000002
1017,2010-01-19,27.225779
1018,2010-01-20,26.806704999999997
1019,2010-01-21,26.343319
1020,2010-01-22,25.036724
1021,2010-01-25,25.710279
1022,2010-01-26,26.073641000000002
1023,2010-01-27,26.319265
1024,2010-01-28,25.231701
1025,2010-01-29,24.316326
1026,2010-02-01,24.654367
1027,2010-02-02,24.797435999999998
1028,2010-02-03,25.224104
1029,2010-02-04,24.315057999999997
1030,2010-02-05,24.746792000000003
1031,2010-02-08,24.577139000000003
1032,2010-02-09,24.839218
1033,2010-02-10,24.703745
1034,2010-02-11,25.153202
1035,2010-02-12,25.369703
1036,2010-02-16,25.752064
1037,2010-02-17,25.644442
1038,2010-02-18,25.692556
1039,2010-02-19,25.533033
1040,2010-02-22,25.374765
1041,2010-02-23,24.949368
1042,2010-02-24,25.405157
1043,2010-02-25,25.574811999999998
1044,2010-02-26,25.906523
1045,2010-03-01,26.459799
1046,2010-03-02,26.442078000000002
1047,2010-03-03,26.502844
1048,2010-03-04,26.677568
1049,2010-03-05,27.720817999999998
1050,2010-03-08,27.737270000000002
1051,2010-03-09,28.236110999999998
1052,2010-03-10,28.466535999999998
1053,2010-03-11,28.550096999999997
1054,2010-03-12,28.689366999999997
1055,2010-03-15,28.339926000000002
1056,2010-03-16,28.41716
1057,2010-03-17,28.375376
1058,2010-03-18,28.442484000000004
1059,2010-03-19,28.138621999999998
1060,2010-03-22,28.455140999999998
1061,2010-03-23,28.912198999999998
1062,2010-03-24,29.04007
1063,2010-03-25,28.695690000000003
1064,2010-03-26,29.23378
1065,2010-03-29,29.422417
1066,2010-03-30,29.860489
1067,2010-03-31,29.752874
1068,2010-04-01,29.875681
1069,2010-04-05,30.194727
1070,2010-04-06,30.327672999999997
1071,2010-04-07,30.461873999999998
1072,2010-04-08,30.379583
1073,2010-04-09,30.612543
1074,2010-04-12,30.67585
1075,2010-04-13,30.693572999999997
1076,2010-04-14,31.106317999999998
1077,2010-04-15,31.515261
1078,2010-04-16,31.322824
1079,2010-04-19,31.281036
1080,2010-04-20,30.967041
1081,2010-04-21,32.819321
1082,2010-04-22,33.737213
1083,2010-04-23,34.289246
1084,2010-04-26,34.120841999999996
1085,2010-04-27,33.17635
1086,2010-04-28,33.120644
1087,2010-04-29,34.011971
1088,2010-04-30,33.056076000000004
1089,2010-05-03,33.722031
1090,2010-05-04,32.75095
1091,2010-05-05,32.41037
1092,2010-05-06,31.177212
1093,2010-05-07,29.861755
1094,2010-05-10,32.15715
1095,2010-05-11,32.477467
1096,2010-05-12,33.182682
1097,2010-05-13,32.710423
1098,2010-05-14,32.135639000000005
1099,2010-05-17,32.186283
1100,2010-05-18,31.95079
1101,2010-05-19,31.441815999999996
1102,2010-05-20,30.102320000000002
1103,2010-05-21,30.679644
1104,2010-05-24,31.241777000000003
1105,2010-05-25,31.046803000000004
1106,2010-05-26,30.906260999999997
1107,2010-05-27,32.076126
1108,2010-05-28,32.52306
1109,2010-06-01,33.023148
1110,2010-06-02,33.418171
1111,2010-06-03,33.313095000000004
1112,2010-06-04,32.406574
1113,2010-06-07,31.771010999999998
1114,2010-06-08,31.567166999999998
1115,2010-06-09,30.791069
1116,2010-06-10,31.716557
1117,2010-06-11,32.096385999999995
1118,2010-06-14,32.193871
1119,2010-06-15,32.878819
1120,2010-06-16,33.835978999999995
1121,2010-06-17,34.420906
1122,2010-06-18,34.699448
1123,2010-06-21,34.205673
1124,2010-06-22,34.671589000000004
1125,2010-06-23,34.306957000000004
1126,2010-06-24,34.057541
1127,2010-06-25,33.766338
1128,2010-06-28,33.968918
1129,2010-06-29,32.433163
1130,2010-06-30,31.845707
1131,2010-07-01,31.459551
1132,2010-07-02,31.264568
1133,2010-07-06,31.478537
1134,2010-07-07,32.749683000000005
1135,2010-07-08,32.676254
1136,2010-07-09,32.869972
1137,2010-07-12,32.574965999999996
1138,2010-07-13,31.879879
1139,2010-07-14,31.997627
1140,2010-07-15,31.835569
1141,2010-07-16,31.639339
1142,2010-07-19,31.09239
1143,2010-07-20,31.891277000000002
1144,2010-07-21,32.188808
1145,2010-07-22,32.793995
1146,2010-07-23,32.910472999999996
1147,2010-07-26,32.826927000000005
1148,2010-07-27,33.434635
1149,2010-07-28,33.039615999999995
1150,2010-07-29,32.678779999999996
1151,2010-07-30,32.569897
1152,2010-08-02,33.152297999999995
1153,2010-08-03,33.162422
1154,2010-08-04,33.295364
1155,2010-08-05,33.133308
1156,2010-08-06,32.929466
1157,2010-08-09,33.139645
1158,2010-08-10,32.843369
1159,2010-08-11,31.67605
1160,2010-08-12,31.878626
1161,2010-08-13,31.538038
1162,2010-08-16,31.353193
1163,2010-08-17,31.901409
1164,2010-08-18,32.040668
1165,2010-08-19,31.636803000000004
1166,2010-08-20,31.606419
1167,2010-08-23,31.120234999999997
1168,2010-08-24,30.377045000000003
1169,2010-08-25,30.75181
1170,2010-08-26,30.421366
1171,2010-08-27,30.591021
1172,2010-08-30,30.702431
1173,2010-08-31,30.778406
1174,2010-09-01,31.693772999999997
1175,2010-09-02,31.926731
1176,2010-09-03,32.762356
1177,2010-09-07,32.640793
1178,2010-09-08,33.287769
1179,2010-09-09,33.306759
1180,2010-09-10,33.349808
1181,2010-09-13,33.809387
1182,2010-09-14,33.938538
1183,2010-09-15,34.212006
1184,2010-09-16,35.015961
1185,2010-09-17,34.86404
1186,2010-09-20,35.859177
1187,2010-09-21,35.927532
1188,2010-09-22,36.431435
1189,2010-09-23,36.579571
1190,2010-09-24,37.010033
1191,2010-09-27,36.863174
1192,2010-09-28,36.318756
1193,2010-09-29,36.383339
1194,2010-09-30,35.925018
1195,2010-10-01,35.769287
1196,2010-10-04,35.278042
1197,2010-10-05,36.582104
1198,2010-10-06,36.613758000000004
1199,2010-10-07,36.617558
1200,2010-10-08,37.231598
1201,2010-10-11,37.394932
1202,2010-10-12,37.79755
1203,2010-10-13,38.000111
1204,2010-10-14,38.274848999999996
1205,2010-10-15,39.848583000000005
1206,2010-10-18,40.261326000000004
1207,2010-10-19,39.183895
1208,2010-10-20,39.315578
1209,2010-10-21,39.187695
1210,2010-10-22,38.92815
1211,2010-10-25,39.101601
1212,2010-10-26,39.001579
1213,2010-10-27,38.973735999999995
1214,2010-10-28,38.645817
1215,2010-10-29,38.106464
1216,2010-11-01,38.511612
1217,2010-11-02,39.167446000000005
1218,2010-11-03,39.602973999999996
1219,2010-11-04,40.295517
1220,2010-11-05,40.151188
1221,2010-11-08,40.339836
1222,2010-11-09,40.018246000000005
1223,2010-11-10,40.265141
1224,2010-11-11,40.090412
1225,2010-11-12,38.999046
1226,2010-11-15,38.873714
1227,2010-11-16,38.183701
1228,2010-11-17,38.045691999999995
1229,2010-11-18,39.049683
1230,2010-11-19,38.834469
1231,2010-11-22,39.673866
1232,2010-11-23,39.087680999999996
1233,2010-11-24,39.856178
1234,2010-11-26,39.881516
1235,2010-11-29,40.118271
1236,2010-11-30,39.394065999999995
1237,2010-12-01,40.058762
1238,2010-12-02,40.280327
1239,2010-12-03,40.190437
1240,2010-12-06,40.533535
1241,2010-12-07,40.287926
1242,2010-12-08,40.642421999999996
1243,2010-12-09,40.484158
1244,2010-12-10,40.585457
1245,2010-12-13,40.725986
1246,2010-12-14,40.551272999999995
1247,2010-12-15,40.560131
1248,2010-12-16,40.672806
1249,2010-12-17,40.591789
1250,2010-12-20,40.79435
1251,2010-12-21,41.046303
1252,2010-12-22,41.167843
1253,2010-12-23,40.970348
1254,2010-12-27,41.107067
1255,2010-12-28,41.207096
1256,2010-12-29,41.184311
1257,2010-12-30,40.977936
1258,2010-12-31,40.838676
1259,2011-01-03,41.726177
1260,2011-01-04,41.943951
1261,2011-01-05,42.287071000000005
1262,2011-01-06,42.252876
1263,2011-01-07,42.55547
1264,2011-01-10,43.356891999999995
1265,2011-01-11,43.254349
1266,2011-01-12,43.606312
1267,2011-01-13,43.765831
1268,2011-01-14,44.12035
1269,2011-01-18,43.129005
1270,2011-01-19,42.899853
1271,2011-01-20,42.119934
1272,2011-01-21,41.365353000000006
1273,2011-01-24,42.723858
1274,2011-01-25,43.223957
1275,2011-01-26,43.534161
1276,2011-01-27,43.453121
1277,2011-01-28,42.55294
1278,2011-01-31,42.960613
1279,2011-02-01,43.683544
1280,2011-02-02,43.593651
1281,2011-02-03,43.482239
1282,2011-02-04,43.869663
1283,2011-02-07,44.550812
1284,2011-02-08,44.971138
1285,2011-02-09,45.345901
1286,2011-02-10,44.887592
1287,2011-02-11,45.180054
1288,2011-02-14,45.475052000000005
1289,2011-02-15,45.566208
1290,2011-02-16,45.975155
1291,2011-02-17,45.363632
1292,2011-02-18,44.383694
1293,2011-02-22,42.870734999999996
1294,2011-02-23,43.378414
1295,2011-02-24,43.411339
1296,2011-02-25,44.079834000000005
1297,2011-02-28,44.719208
1298,2011-03-01,44.225426
1299,2011-03-02,44.581203
1300,2011-03-03,45.523163000000004
1301,2011-03-04,45.578860999999996
1302,2011-03-07,44.991405
1303,2011-03-08,45.042046
1304,2011-03-09,44.625510999999996
1305,2011-03-10,43.891182
1306,2011-03-11,44.564735
1307,2011-03-14,44.763515000000005
1308,2011-03-15,43.73418
1309,2011-03-16,41.781895
1310,2011-03-17,42.368084
1311,2011-03-18,41.865459
1312,2011-03-21,42.958079999999995
1313,2011-03-22,43.198646999999994
1314,2011-03-23,42.94416
1315,2011-03-24,43.675957000000004
1316,2011-03-25,44.507763
1317,2011-03-28,44.368496
1318,2011-03-29,44.434329999999996
1319,2011-03-30,44.139339
1320,2011-03-31,44.124142
1321,2011-04-01,43.624039
1322,2011-04-04,43.197369
1323,2011-04-05,42.906185
1324,2011-04-06,42.798553000000005
1325,2011-04-07,42.803616
1326,2011-04-08,42.421265000000005
1327,2011-04-11,41.881927000000005
1328,2011-04-12,42.084488
1329,2011-04-13,42.556728
1330,2011-04-14,42.087016999999996
1331,2011-04-15,41.459042
1332,2011-04-18,42.014854
1333,2011-04-19,42.775768
1334,2011-04-20,43.351836999999996
1335,2011-04-21,44.401413
1336,2011-04-25,44.693882
1337,2011-04-26,44.365963
1338,2011-04-27,44.331779
1339,2011-04-28,43.901306
1340,2011-04-29,44.329246999999995
1341,2011-05-02,43.841808
1342,2011-05-03,44.084891999999996
1343,2011-05-04,44.25835
1344,2011-05-05,43.901306
1345,2011-05-06,43.889919
1346,2011-05-09,44.00893
1347,2011-05-10,44.243149
1348,2011-05-11,43.962074
1349,2011-05-12,43.878521
1350,2011-05-13,43.110012
1351,2011-05-16,42.198433
1352,2011-05-17,42.558006
1353,2011-05-18,43.030258
1354,2011-05-19,43.113811
1355,2011-05-20,42.441509
1356,2011-05-23,42.3377
1357,2011-05-24,42.057896
1358,2011-05-25,42.639038
1359,2011-05-26,42.413662
1360,2011-05-27,42.718788
1361,2011-05-31,44.038055
1362,2011-06-01,43.744324
1363,2011-06-02,43.819016
1364,2011-06-03,43.482239
1365,2011-06-06,42.798553000000005
1366,2011-06-07,42.038906
1367,2011-06-08,42.064232000000004
1368,2011-06-09,41.969284
1369,2011-06-10,41.261547
1370,2011-06-13,41.350159000000005
1371,2011-06-14,42.089558000000004
1372,2011-06-15,41.369147999999996
1373,2011-06-16,41.167843
1374,2011-06-17,40.547474
1375,2011-06-20,39.922024
1376,2011-06-21,41.185562
1377,2011-06-22,40.844986
1378,2011-06-23,41.936355999999996
1379,2011-06-24,41.318512
1380,2011-06-27,42.038906
1381,2011-06-28,42.446594
1382,2011-06-29,42.292126
1383,2011-06-30,42.498489
1384,2011-07-01,43.45945
1385,2011-07-05,44.240623
1386,2011-07-06,44.535614
1387,2011-07-07,45.224377000000004
1388,2011-07-08,45.542156
1389,2011-07-11,44.819225
1390,2011-07-12,44.787566999999996
1391,2011-07-13,45.32819
1392,2011-07-14,45.296535
1393,2011-07-15,46.201782
1394,2011-07-18,47.326054
1395,2011-07-19,47.712215
1396,2011-07-20,48.984619
1397,2011-07-21,49.033997
1398,2011-07-22,49.794909999999994
1399,2011-07-25,50.453281
1400,2011-07-26,51.074917
1401,2011-07-27,49.705017
1402,2011-07-28,49.607533000000004
1403,2011-07-29,49.437874
1404,2011-08-01,50.231712
1405,2011-08-02,49.239101
1406,2011-08-03,49.702484000000005
1407,2011-08-04,47.778042
1408,2011-08-05,47.303272
1409,2011-08-08,44.719208
1410,2011-08-09,47.352654
1411,2011-08-10,46.046054999999996
1412,2011-08-11,47.313396000000004
1413,2011-08-12,47.729946000000005
1414,2011-08-15,48.542774
1415,2011-08-16,48.171803000000004
1416,2011-08-17,48.166737
1417,2011-08-18,46.344840999999995
1418,2011-08-19,45.076233
1419,2011-08-22,45.128136
1420,2011-08-23,47.300732
1421,2011-08-24,47.627384
1422,2011-08-25,47.315933
1423,2011-08-26,48.564278
1424,2011-08-29,49.37331
1425,2011-08-30,49.375832
1426,2011-08-31,48.722553000000005
1427,2011-09-01,48.241428000000006
1428,2011-09-02,47.357708
1429,2011-09-06,48.078106
1430,2011-09-07,48.608596999999996
1431,2011-09-08,48.635189000000004
1432,2011-09-09,47.791973
1433,2011-09-12,48.103428
1434,2011-09-13,48.695946
1435,2011-09-14,49.288483
1436,2011-09-15,49.751865
1437,2011-09-16,50.70649
1438,2011-09-19,52.115643
1439,2011-09-20,52.346058
1440,2011-09-21,52.180209999999995
1441,2011-09-22,50.873615
1442,2011-09-23,51.187603
1443,2011-09-26,51.044529
1444,2011-09-27,50.549492
1445,2011-09-28,50.264629
1446,2011-09-29,49.449268
1447,2011-09-30,48.278152
1448,2011-10-03,47.427345
1449,2011-10-04,47.161465
1450,2011-10-05,47.889465
1451,2011-10-06,47.778042
1452,2011-10-07,46.81963
1453,2011-10-10,49.226444
1454,2011-10-11,50.679909
1455,2011-10-12,50.92046
1456,2011-10-13,51.710484
1457,2011-10-14,53.42856999999999
1458,2011-10-17,53.174088
1459,2011-10-18,53.458954000000006
1460,2011-10-19,50.468475
1461,2011-10-20,50.049393
1462,2011-10-21,49.740475
1463,2011-10-24,51.373711
1464,2011-10-25,50.360855
1465,2011-10-26,50.719153999999996
1466,2011-10-27,51.236977
1467,2011-10-28,51.269901000000004
1468,2011-10-31,51.248379
1469,2011-11-01,50.201321
1470,2011-11-02,50.315273
1471,2011-11-03,51.031864
1472,2011-11-04,50.673569
1473,2011-11-07,50.608996999999995
1474,2011-11-08,51.43195
1475,2011-11-09,50.045601
1476,2011-11-10,48.771919
1477,2011-11-11,48.695946
1478,2011-11-14,48.017342
1479,2011-11-15,49.228962
1480,2011-11-16,48.714946999999995
1481,2011-11-17,47.783122999999996
1482,2011-11-18,47.470387
1483,2011-11-21,46.719612
1484,2011-11-22,47.669174
1485,2011-11-23,46.463867
1486,2011-11-25,46.030861
1487,2011-11-28,47.619797
1488,2011-11-29,47.250095
1489,2011-11-30,48.389565000000005
1490,2011-12-01,49.115017
1491,2011-12-02,49.339123
1492,2011-12-05,49.758198
1493,2011-12-06,49.497391
1494,2011-12-07,49.261894
1495,2011-12-08,49.460663000000004
1496,2011-12-09,49.83543
1497,2011-12-12,49.610069
1498,2011-12-13,49.226444
1499,2011-12-14,48.135082000000004
1500,2011-12-15,47.976833
1501,2011-12-16,48.240165999999995
1502,2011-12-19,48.390831
1503,2011-12-20,50.130421000000005
1504,2011-12-21,50.193733
1505,2011-12-22,50.459614
1506,2011-12-23,51.064789000000005
1507,2011-12-27,51.469933000000005
1508,2011-12-28,50.977436
1509,2011-12-29,51.291416
1510,2011-12-30,51.276226
1511,2012-01-03,52.064991
1512,2012-01-04,52.344795
1513,2012-01-05,52.92593000000001
1514,2012-01-06,53.479202
1515,2012-01-09,53.394375
1516,2012-01-10,53.585544999999996
1517,2012-01-11,53.498199
1518,2012-01-12,53.351321999999996
1519,2012-01-13,53.151286999999996
1520,2012-01-17,53.770408999999994
1521,2012-01-18,54.328734999999995
1522,2012-01-19,54.156563
1523,2012-01-20,53.213322
1524,2012-01-23,54.11351
1525,2012-01-24,53.227264
1526,2012-01-25,56.55072
1527,2012-01-26,56.293701
1528,2012-01-27,56.629215
1529,2012-01-30,57.354675
1530,2012-01-31,57.794006
1531,2012-02-01,57.757282
1532,2012-02-02,57.621826
1533,2012-02-03,58.199146
1534,2012-02-06,58.742306000000006
1535,2012-02-07,59.357609
1536,2012-02-08,60.351490000000005
1537,2012-02-09,62.439243000000005
1538,2012-02-10,62.47091700000001
1539,2012-02-13,63.633171
1540,2012-02-14,64.501701
1541,2012-02-15,63.008984
1542,2012-02-16,63.583785999999996
1543,2012-02-17,63.572410999999995
1544,2012-02-21,65.18412
1545,2012-02-22,64.954933
1546,2012-02-23,65.37906600000001
1547,2012-02-24,66.141258
1548,2012-02-27,66.565414
1549,2012-02-28,67.78716999999999
1550,2012-02-29,68.677238
1551,2012-03-01,68.93425
1552,2012-03-02,69.024132
1553,2012-03-05,67.502319
1554,2012-03-06,67.135132
1555,2012-03-07,67.189575
1556,2012-03-08,68.62026999999999
1557,2012-03-09,69.022873
1558,2012-03-12,69.887596
1559,2012-03-13,71.925972
1560,2012-03-14,74.645538
1561,2012-03-15,74.13655899999999
1562,2012-03-16,74.137825
1563,2012-03-19,76.104042
1564,2012-03-20,76.719353
1565,2012-03-21,76.281296
1566,2012-03-22,75.881203
1567,2012-03-23,75.46468399999999
1568,2012-03-26,76.848495
1569,2012-03-27,77.798058
1570,2012-03-28,78.195625
1571,2012-03-29,77.21311999999999
1572,2012-03-30,75.907799
1573,2012-04-02,78.323486
1574,2012-04-03,79.676918
1575,2012-04-04,79.042618
1576,2012-04-05,80.228951
1577,2012-04-09,80.551804
1578,2012-04-10,79.56552099999999
1579,2012-04-11,79.281914
1580,2012-04-12,78.84764100000001
1581,2012-04-13,76.62694499999999
1582,2012-04-16,73.449066
1583,2012-04-17,77.192879
1584,2012-04-18,77.020691
1585,2012-04-19,74.37458000000001
1586,2012-04-20,72.54383100000001
1587,2012-04-23,72.38176
1588,2012-04-24,70.935913
1589,2012-04-25,77.230858
1590,2012-04-26,76.939667
1591,2012-04-27,76.34461999999999
1592,2012-04-30,73.936523
1593,2012-05-01,73.702301
1594,2012-05-02,74.189728
1595,2012-05-03,73.663048
1596,2012-05-04,71.565163
1597,2012-05-07,72.100716
1598,2012-05-08,71.936104
1599,2012-05-09,72.062744
1600,2012-05-10,72.232353
1601,2012-05-11,71.750015
1602,2012-05-14,70.675102
1603,2012-05-15,70.035713
1604,2012-05-16,69.138092
1605,2012-05-17,67.117401
1606,2012-05-18,67.150352
1607,2012-05-21,71.062523
1608,2012-05-22,70.516838
1609,2012-05-23,72.23745
1610,2012-05-24,71.574028
1611,2012-05-25,71.190392
1612,2012-05-29,72.453949
1613,2012-05-30,73.32753000000001
1614,2012-05-31,73.14520999999999
1615,2012-06-01,71.025803
1616,2012-06-04,71.443611
1617,2012-06-05,71.25874300000001
1618,2012-06-06,72.351395
1619,2012-06-07,72.384315
1620,2012-06-08,73.473129
1621,2012-06-11,72.314651
1622,2012-06-12,72.946442
1623,2012-06-13,72.44001800000001
1624,2012-06-14,72.360237
1625,2012-06-15,72.689438
1626,2012-06-18,74.164413
1627,2012-06-19,74.370796
1628,2012-06-20,74.159355
1629,2012-06-21,73.13763399999999
1630,2012-06-22,73.698509
1631,2012-06-25,72.26403
1632,2012-06-26,72.423553
1633,2012-06-27,72.736298
1634,2012-06-28,72.046265
1635,2012-06-29,73.93905600000001
1636,2012-07-02,75.017761
1637,2012-07-03,75.89008299999999
1638,2012-07-05,77.223282
1639,2012-07-06,76.709236
1640,2012-07-09,77.723373
1641,2012-07-10,77.004257
1642,2012-07-11,76.52565
1643,2012-07-12,75.8255
1644,2012-07-13,76.59401700000001
1645,2012-07-16,76.83964499999999
1646,2012-07-17,76.84343
1647,2012-07-18,76.757339
1648,2012-07-19,77.777817
1649,2012-07-20,76.509201
1650,2012-07-23,76.449692
1651,2012-07-24,76.081261
1652,2012-07-25,72.79576899999999
1653,2012-07-26,72.784386
1654,2012-07-27,74.085922
1655,2012-07-30,75.335541
1656,2012-07-31,77.327087
1657,2012-08-01,76.826988
1658,2012-08-02,76.951065
1659,2012-08-03,77.952522
1660,2012-08-06,78.819786
1661,2012-08-07,78.612144
1662,2012-08-08,78.479218
1663,2012-08-09,78.926788
1664,2012-08-10,79.050133
1665,2012-08-13,80.105476
1666,2012-08-14,80.320366
1667,2012-08-15,80.21102900000001
1668,2012-08-16,80.911613
1669,2012-08-17,82.408203
1670,2012-08-20,84.574837
1671,2012-08-21,83.419044
1672,2012-08-22,85.04786700000001
1673,2012-08-23,84.25444
1674,2012-08-24,84.329453
1675,2012-08-27,85.91375
1676,2012-08-28,85.801872
1677,2012-08-29,85.632759
1678,2012-08-30,84.412094
1679,2012-08-31,84.586311
1680,2012-09-04,85.823494
1681,2012-09-05,85.220795
1682,2012-09-06,85.9888
1683,2012-09-07,86.519005
1684,2012-09-10,84.268433
1685,2012-09-11,83.995049
1686,2012-09-12,85.16484799999999
1687,2012-09-13,86.841995
1688,2012-09-14,87.897346
1689,2012-09-17,88.978096
1690,2012-09-18,89.248962
1691,2012-09-19,89.27310899999999
1692,2012-09-20,88.84079
1693,2012-09-21,89.01754
1694,2012-09-24,87.835022
1695,2012-09-25,85.641655
1696,2012-09-26,84.57866700000001
1697,2012-09-27,86.630905
1698,2012-09-28,84.822784
1699,2012-10-01,83.842476
1700,2012-10-02,84.086601
1701,2012-10-03,85.3759
1702,2012-10-04,84.784653
1703,2012-10-05,82.97782099999999
1704,2012-10-08,81.144318
1705,2012-10-09,80.849312
1706,2012-10-10,81.49270600000001
1707,2012-10-11,79.863892
1708,2012-10-12,80.06860400000001
1709,2012-10-15,80.710724
1710,2012-10-16,82.621811
1711,2012-10-17,81.963173
1712,2012-10-18,80.44117
1713,2012-10-19,77.542114
1714,2012-10-22,80.617897
1715,2012-10-23,77.9897
1716,2012-10-24,78.430885
1717,2012-10-25,77.50395999999999
1718,2012-10-26,76.799545
1719,2012-10-31,75.695862
1720,2012-11-01,75.85099
1721,2012-11-02,73.341011
1722,2012-11-05,74.335342
1723,2012-11-06,74.110283
1724,2012-11-07,71.27462
1725,2012-11-08,68.68804200000001
1726,2012-11-09,69.877228
1727,2012-11-12,69.336929
1728,2012-11-13,69.345894
1729,2012-11-14,68.57693499999999
1730,2012-11-15,67.138649
1731,2012-11-16,67.401772
1732,2012-11-19,72.262001
1733,2012-11-20,71.646301
1734,2012-11-21,71.747238
1735,2012-11-23,72.999016
1736,2012-11-26,75.302017
1737,2012-11-27,74.695297
1738,2012-11-28,74.46028100000001
1739,2012-11-29,75.280304
1740,2012-11-30,74.75914
1741,2012-12-03,74.875404
1742,2012-12-04,73.554665
1743,2012-12-05,68.820877
1744,2012-12-06,69.900238
1745,2012-12-07,68.113251
1746,2012-12-10,67.67514
1747,2012-12-11,69.152985
1748,2012-12-12,68.847717
1749,2012-12-13,67.658516
1750,2012-12-14,65.116653
1751,2012-12-17,66.27134699999999
1752,2012-12-18,68.19628900000001
1753,2012-12-19,67.226784
1754,2012-12-20,66.641785
1755,2012-12-21,66.335205
1756,2012-12-24,66.442513
1757,2012-12-26,65.526649
1758,2012-12-27,65.78978000000001
1759,2012-12-28,65.09111
1760,2012-12-31,67.975296
1761,2013-01-02,70.12886
1762,2013-01-03,69.243675
1763,2013-01-04,67.314934
1764,2013-01-07,66.918953
1765,2013-01-08,67.099052
1766,2013-01-09,66.05038499999999
1767,2013-01-10,66.869118
1768,2013-01-11,66.459114
1769,2013-01-14,64.089691
1770,2013-01-15,62.067677
1771,2013-01-16,64.644051
1772,2013-01-17,64.208481
1773,2013-01-18,63.86615
1774,2013-01-22,64.475433
1775,2013-01-23,65.655663
1776,2013-01-24,57.543395999999994
1777,2013-01-25,56.186886
1778,2013-01-28,57.457817000000006
1779,2013-01-29,58.535895999999994
1780,2013-01-30,58.351952000000004
1781,2013-01-31,58.18079399999999
1782,2013-02-01,57.941925
1783,2013-02-04,56.49855
1784,2013-02-05,58.480957
1785,2013-02-06,58.41836899999999
1786,2013-02-07,60.155361
1787,2013-02-08,61.023883999999995
1788,2013-02-11,61.659843
1789,2013-02-12,60.114254
1790,2013-02-13,59.999924
1791,2013-02-14,59.94595699999999
1792,2013-02-15,59.119843
1793,2013-02-19,59.098015000000004
1794,2013-02-20,57.666782
1795,2013-02-21,57.308331
1796,2013-02-22,57.918597999999996
1797,2013-02-25,56.889488
1798,2013-02-26,57.682201
1799,2013-02-27,57.116898
1800,2013-02-28,56.70962900000001
1801,2013-03-01,55.305378000000005
1802,2013-03-04,53.966648
1803,2013-03-05,55.391456999999996
1804,2013-03-06,54.687405000000005
1805,2013-03-07,55.319508
1806,2013-03-08,55.465977
1807,2013-03-11,56.256111
1808,2013-03-12,55.043282
1809,2013-03-13,55.033005
1810,2013-03-14,55.56618100000001
1811,2013-03-15,56.999981000000005
1812,2013-03-18,58.549423
1813,2013-03-19,58.391388
1814,2013-03-20,58.081753000000006
1815,2013-03-21,58.165264
1816,2013-03-22,59.344692
1817,2013-03-25,59.559242000000005
1818,2013-03-26,59.245746999999994
1819,2013-03-27,58.081753000000006
1820,2013-03-28,56.871506000000004
1821,2013-04-01,55.104954000000006
1822,2013-04-02,55.218014000000004
1823,2013-04-03,55.500668000000005
1824,2013-04-04,54.952056999999996
1825,2013-04-05,54.371345999999996
1826,2013-04-08,54.75806800000001
1827,2013-04-09,54.856991
1828,2013-04-10,55.976028
1829,2013-04-11,55.801292000000004
1830,2013-04-12,55.219299
1831,2013-04-15,53.940952
1832,2013-04-16,54.761917000000004
1833,2013-04-17,51.750431
1834,2013-04-18,50.369308000000004
1835,2013-04-19,50.174019
1836,2013-04-22,51.219822
1837,2013-04-23,52.178249
1838,2013-04-24,52.092175
1839,2013-04-25,52.467318999999996
1840,2013-04-26,53.600491000000005
1841,2013-04-29,55.260406
1842,2013-04-30,56.886917000000004
1843,2013-05-01,56.438534
1844,2013-05-02,57.238953
1845,2013-05-03,57.811966000000005
1846,2013-05-06,59.19051700000001
1847,2013-05-07,58.927139000000004
1848,2013-05-08,59.59264399999999
1849,2013-05-09,59.072739
1850,2013-05-10,58.581303000000005
1851,2013-05-13,58.810215
1852,2013-05-14,57.403130000000004
1853,2013-05-15,55.461929000000005
1854,2013-05-16,56.202983999999994
1855,2013-05-17,56.032265
1856,2013-05-20,57.282856
1857,2013-05-21,56.85995500000001
1858,2013-05-22,57.078518
1859,2013-05-23,57.18069499999999
1860,2013-05-24,57.569977
1861,2013-05-28,57.09016
1862,2013-05-29,57.544093999999994
1863,2013-05-30,58.401527
1864,2013-05-31,58.16228100000001
1865,2013-06-03,58.290314
1866,2013-06-04,58.107967
1867,2013-06-05,57.564785
1868,2013-06-06,56.704765
1869,2013-06-07,57.138011999999996
1870,2013-06-10,56.760380000000005
1871,2013-06-11,56.593548
1872,2013-06-12,55.893887
1873,2013-06-13,56.381434999999996
1874,2013-06-14,55.617115000000005
1875,2013-06-17,55.869312
1876,2013-06-18,55.839565
1877,2013-06-19,54.70536800000001
1878,2013-06-20,53.90870699999999
1879,2013-06-21,53.47676800000001
1880,2013-06-24,52.059340999999996
1881,2013-06-25,52.070972
1882,2013-06-26,51.481246999999996
1883,2013-06-27,50.926421999999995
1884,2013-06-28,51.282078000000006
1885,2013-07-01,52.923241000000004
1886,2013-07-02,54.122112
1887,2013-07-03,54.42084499999999
1888,2013-07-05,53.983723
1889,2013-07-08,53.677231000000006
1890,2013-07-09,54.621304
1891,2013-07-10,54.411789
1892,2013-07-11,55.260174
1893,2013-07-12,55.15930899999999
1894,2013-07-15,55.279582999999995
1895,2013-07-16,55.636524
1896,2013-07-17,55.650753
1897,2013-07-18,55.83826800000001
1898,2013-07-19,54.957542000000004
1899,2013-07-22,55.133442
1900,2013-07-23,54.186775
1901,2013-07-24,56.969882999999996
1902,2013-07-25,56.709938
1903,2013-07-26,57.031963
1904,2013-07-29,57.911384999999996
1905,2013-07-30,58.626575
1906,2013-07-31,58.524391
1907,2013-08-01,59.061104
1908,2013-08-02,59.818957999999995
1909,2013-08-05,60.712616000000004
1910,2013-08-06,60.169441000000006
1911,2013-08-07,60.13451800000001
1912,2013-08-08,60.01475500000001
1913,2013-08-09,59.16076700000001
1914,2013-08-12,60.841395999999996
1915,2013-08-13,63.732716
1916,2013-08-14,64.895226
1917,2013-08-15,64.818436
1918,2013-08-16,65.393822
1919,2013-08-19,66.098114
1920,2013-08-20,65.229805
1921,2013-08-21,65.397736
1922,2013-08-22,65.475838
1923,2013-08-23,65.223297
1924,2013-08-26,65.47715
1925,2013-08-27,63.605137
1926,2013-08-28,63.905861
1927,2013-08-29,64.01001
1928,2013-08-30,63.4268
1929,2013-09-03,63.603820999999996
1930,2013-09-04,64.91996
1931,2013-09-05,64.47476999999999
1932,2013-09-06,64.858795
1933,2013-09-09,65.89373
1934,2013-09-10,64.392746
1935,2013-09-11,60.886963
1936,2013-09-12,61.535281999999995
1937,2013-09-13,60.521156000000005
1938,2013-09-16,58.597080000000005
1939,2013-09-17,59.27401700000001
1940,2013-09-18,60.492518999999994
1941,2013-09-19,61.484497
1942,2013-09-20,60.847912
1943,2013-09-23,63.872025
1944,2013-09-24,63.67154300000001
1945,2013-09-25,62.686062
1946,2013-09-26,63.296616
1947,2013-09-27,62.844891000000004
1948,2013-09-30,62.063781999999996
1949,2013-10-01,63.523125
1950,2013-10-02,63.731426
1951,2013-10-03,62.930801
1952,2013-10-04,62.88134
1953,2013-10-07,63.4958
1954,2013-10-08,62.609249
1955,2013-10-09,63.34478000000001
1956,2013-10-10,63.74183299999999
1957,2013-10-11,64.15451
1958,2013-10-14,64.574989
1959,2013-10-15,64.918671
1960,2013-10-16,65.235016
1961,2013-10-17,65.676331
1962,2013-10-18,66.247795
1963,2013-10-21,67.87116999999999
1964,2013-10-22,67.6772
1965,2013-10-23,68.339828
1966,2013-10-24,69.24458299999999
1967,2013-10-25,68.470024
1968,2013-10-28,68.980301
1969,2013-10-29,67.261932
1970,2013-10-30,68.33201600000001
1971,2013-10-31,68.045624
1972,2013-11-01,67.698029
1973,2013-11-04,68.57285300000001
1974,2013-11-05,68.403633
1975,2013-11-06,68.209824
1976,2013-11-07,67.106003
1977,2013-11-08,68.16268199999999
1978,2013-11-11,67.964958
1979,2013-11-12,68.09066
1980,2013-11-13,68.171844
1981,2013-11-14,69.157845
1982,2013-11-15,68.74274399999999
1983,2013-11-18,67.909966
1984,2013-11-19,68.030441
1985,2013-11-20,67.434647
1986,2013-11-21,68.238617
1987,2013-11-22,68.063156
1988,2013-11-25,68.57905600000001
1989,2013-11-26,69.843964
1990,2013-11-27,71.488602
1991,2013-11-29,72.812401
1992,2013-12-02,72.17865
1993,2013-12-03,74.15454100000001
1994,2013-12-04,73.981689
1995,2013-12-05,74.361435
1996,2013-12-06,73.329613
1997,2013-12-09,74.16893
1998,2013-12-10,74.05371099999999
1999,2013-12-11,73.505066
2000,2013-12-12,73.397713
2001,2013-12-13,72.59764100000001
2002,2013-12-16,72.999641
2003,2013-12-17,72.670975
2004,2013-12-18,72.118401
2005,2013-12-19,71.292168
2006,2013-12-20,71.889267
2007,2013-12-23,74.648193
2008,2013-12-24,74.331314
2009,2013-12-26,73.83766899999999
2010,2013-12-27,73.338776
2011,2013-12-30,72.60942800000001
2012,2013-12-31,73.460564
2013,2014-01-02,72.42742199999999
2014,2014-01-03,70.836502
2015,2014-01-06,71.222771
2016,2014-01-07,70.713402
2017,2014-01-08,71.16124
2018,2014-01-09,70.252495
2019,2014-01-10,69.783722
2020,2014-01-13,70.149086
2021,2014-01-14,71.544907
2022,2014-01-15,72.9813
2023,2014-01-16,72.574112
2024,2014-01-17,70.795914
2025,2014-01-21,71.89580500000001
2026,2014-01-22,72.215294
2027,2014-01-23,72.826813
2028,2014-01-24,71.503006
2029,2014-01-27,72.083046
2030,2014-01-28,66.321632
2031,2014-01-29,65.568726
2032,2014-01-30,65.44171899999999
2033,2014-01-31,65.549095
2034,2014-02-03,65.67088299999999
2035,2014-02-04,66.62149000000001
2036,2014-02-05,67.11908000000001
2037,2014-02-06,67.510292
2038,2014-02-07,68.454773
2039,2014-02-10,69.681145
2040,2014-02-11,70.599236
2041,2014-02-12,70.593987
2042,2014-02-13,71.714951
2043,2014-02-14,71.65699000000001
2044,2014-02-18,71.920433
2045,2014-02-19,70.784981
2046,2014-02-20,69.96566
2047,2014-02-21,69.18845400000001
2048,2014-02-24,69.49143199999999
2049,2014-02-25,68.768272
2050,2014-02-26,68.147835
2051,2014-02-27,69.50725600000001
2052,2014-02-28,69.318871
2053,2014-03-03,69.51908900000001
2054,2014-03-04,69.97749300000001
2055,2014-03-05,70.125038
2056,2014-03-06,69.91295600000001
2057,2014-03-07,69.872116
2058,2014-03-10,69.935364
2059,2014-03-11,70.616364
2060,2014-03-12,70.684845
2061,2014-03-13,69.899796
2062,2014-03-14,69.114693
2063,2014-03-17,69.38475
2064,2014-03-18,69.998589
2065,2014-03-19,69.980148
2066,2014-03-20,69.642914
2067,2014-03-21,70.192223
2068,2014-03-24,71.02471899999999
2069,2014-03-25,71.788719
2070,2014-03-26,71.102425
2071,2014-03-27,70.79682199999999
2072,2014-03-28,70.717804
2073,2014-03-31,70.701996
2074,2014-04-01,71.348747
2075,2014-04-02,71.4673
2076,2014-04-03,70.972038
2077,2014-04-04,70.053917
2078,2014-04-07,68.95401
2079,2014-04-08,68.950058
2080,2014-04-09,69.856323
2081,2014-04-10,68.955338
2082,2014-04-11,68.445541
2083,2014-04-14,68.71820100000001
2084,2014-04-15,68.228188
2085,2014-04-16,68.366501
2086,2014-04-17,69.147636
2087,2014-04-21,69.96826899999999
2088,2014-04-22,70.038078
2089,2014-04-23,69.12260400000001
2090,2014-04-24,74.78942099999999
2091,2014-04-25,75.338707
2092,2014-04-28,78.256416
2093,2014-04-29,78.024574
2094,2014-04-30,77.729515
2095,2014-05-01,77.912598
2096,2014-05-02,78.05749499999999
2097,2014-05-05,79.161354
2098,2014-05-06,78.29856099999999
2099,2014-05-07,78.024574
2100,2014-05-08,77.885483
2101,2014-05-09,77.560959
2102,2014-05-12,78.526588
2103,2014-05-13,78.649788
2104,2014-05-14,78.664345
2105,2014-05-15,77.99543800000001
2106,2014-05-16,79.14651500000001
2107,2014-05-19,80.08431999999999
2108,2014-05-20,80.100212
2109,2014-05-21,80.312164
2110,2014-05-22,80.43933100000001
2111,2014-05-23,81.348
2112,2014-05-27,82.871315
2113,2014-05-28,82.65673100000001
2114,2014-05-29,84.162796
2115,2014-05-30,83.847534
2116,2014-06-02,83.271339
2117,2014-06-03,84.448914
2118,2014-06-04,85.413208
2119,2014-06-05,85.748337
2120,2014-06-06,85.51258100000001
2121,2014-06-09,86.880882
2122,2014-06-10,87.390854
2123,2014-06-11,87.029251
2124,2014-06-12,85.573494
2125,2014-06-13,84.636986
2126,2014-06-16,85.490044
2127,2014-06-17,85.378777
2128,2014-06-18,85.471512
2129,2014-06-19,85.174797
2130,2014-06-20,84.29393
2131,2014-06-23,84.219749
2132,2014-06-24,83.709801
2133,2014-06-25,83.783936
2134,2014-06-26,84.284676
2135,2014-06-27,85.286057
2136,2014-06-30,86.166939
2137,2014-07-01,86.713982
2138,2014-07-02,86.676888
2139,2014-07-03,87.186874
2140,2014-07-07,88.985687
2141,2014-07-08,88.41080500000001
2142,2014-07-09,88.447891
2143,2014-07-10,88.12335999999999
2144,2014-07-11,88.29026
2145,2014-07-14,89.430748
2146,2014-07-15,88.383003
2147,2014-07-16,87.88229399999999
2148,2014-07-17,86.31527700000001
2149,2014-07-18,87.557755
2150,2014-07-21,87.103439
2151,2014-07-22,87.82665300000001
2152,2014-07-23,90.11689
2153,2014-07-24,89.968544
2154,2014-07-25,90.56195799999999
2155,2014-07-28,91.813713
2156,2014-07-29,91.220299
2157,2014-07-30,91.007019
2158,2014-07-31,88.642609
2159,2014-08-01,89.134033
2160,2014-08-04,88.63333100000001
2161,2014-08-05,88.19754
2162,2014-08-06,88.04920200000001
2163,2014-08-07,88.03987099999999
2164,2014-08-08,88.282135
2165,2014-08-11,89.44695300000001
2166,2014-08-12,89.428314
2167,2014-08-13,90.61174
2168,2014-08-14,90.854004
2169,2014-08-15,91.30130799999999
2170,2014-08-18,92.400871
2171,2014-08-19,93.677475
2172,2014-08-20,93.71476
2173,2014-08-21,93.724068
2174,2014-08-22,94.413635
2175,2014-08-25,94.61863699999999
2176,2014-08-26,94.012939
2177,2014-08-27,95.16841099999999
2178,2014-08-28,95.280251
2179,2014-08-29,95.513176
2180,2014-09-02,96.258659
2181,2014-09-03,92.195854
2182,2014-09-04,91.43175500000001
2183,2014-09-05,92.22380799999999
2184,2014-09-08,91.655396
2185,2014-09-09,91.31061600000001
2186,2014-09-10,94.115448
2187,2014-09-11,94.516129
2188,2014-09-12,94.730461
2189,2014-09-15,94.702477
2190,2014-09-16,93.984978
2191,2014-09-17,94.655922
2192,2014-09-18,94.851601
2193,2014-09-19,94.078171
2194,2014-09-22,94.17134899999999
2195,2014-09-23,95.643654
2196,2014-09-24,94.814316
2197,2014-09-25,91.198814
2198,2014-09-26,93.882469
2199,2014-09-29,93.286087
2200,2014-09-30,93.882469
2201,2014-10-01,92.41951
2202,2014-10-02,93.090416
2203,2014-10-03,92.829514
2204,2014-10-06,92.829514
2205,2014-10-07,92.01880600000001
2206,2014-10-08,93.929092
2207,2014-10-09,94.134064
2208,2014-10-10,93.863831
2209,2014-10-13,93.006561
2210,2014-10-14,92.01880600000001
2211,2014-10-15,90.891273
2212,2014-10-16,89.698524
2213,2014-10-17,91.012421
2214,2014-10-20,92.959969
2215,2014-10-21,95.485252
2216,2014-10-22,95.969803
2217,2014-10-23,97.68438
2218,2014-10-24,98.047798
2219,2014-10-27,97.94529
2220,2014-10-28,99.46417199999999
2221,2014-10-29,100.023285
2222,2014-10-30,99.687836
2223,2014-10-31,100.638283
2224,2014-11-03,101.942863
2225,2014-11-04,101.197388
2226,2014-11-05,101.439667
2227,2014-11-06,101.72979000000001
2228,2014-11-07,102.019913
2229,2014-11-10,101.851456
2230,2014-11-11,102.665672
2231,2014-11-12,104.116295
2232,2014-11-13,105.585594
2233,2014-11-14,106.858391
2234,2014-11-17,106.680573
2235,2014-11-18,108.065674
2236,2014-11-19,107.316971
2237,2014-11-20,108.85180700000001
2238,2014-11-21,109.00155600000001
2239,2014-11-24,111.02306399999999
2240,2014-11-25,110.059097
2241,2014-11-26,111.369316
2242,2014-11-28,111.303802
2243,2014-12-01,107.69133000000001
2244,2014-12-02,107.279541
2245,2014-12-03,108.49619299999999
2246,2014-12-04,108.08438899999999
2247,2014-12-05,107.62581599999999
2248,2014-12-08,105.192535
2249,2014-12-09,106.802246
2250,2014-12-10,104.771408
2251,2014-12-11,104.462563
2252,2014-12-12,102.693748
2253,2014-12-15,101.28994
2254,2014-12-16,99.904823
2255,2014-12-17,102.394249
2256,2014-12-18,105.426498
2257,2014-12-19,104.612289
2258,2014-12-22,105.697906
2259,2014-12-23,105.323563
2260,2014-12-24,104.82755300000001
2261,2014-12-26,106.680573
2262,2014-12-29,106.605721
2263,2014-12-30,105.30483999999998
2264,2014-12-31,103.302063
2265,2015-01-02,102.319397
2266,2015-01-05,99.43689
2267,2015-01-06,99.446251
2268,2015-01-07,100.840714
2269,2015-01-08,104.71525600000001
2270,2015-01-09,104.82755300000001
2271,2015-01-12,102.244522
2272,2015-01-13,103.152313
2273,2015-01-14,102.75926199999999
2274,2015-01-15,99.970337
2275,2015-01-16,99.193558
2276,2015-01-20,101.748512
2277,2015-01-21,102.52529100000001
2278,2015-01-22,105.192535
2279,2015-01-23,105.735344
2280,2015-01-26,105.847649
2281,2015-01-27,102.141586
2282,2015-01-28,107.91593200000001
2283,2015-01-29,111.275742
2284,2015-01-30,109.647324
2285,2015-02-02,111.02306399999999
2286,2015-02-03,111.041771
2287,2015-02-04,111.89340200000001
2288,2015-02-05,112.692047
2289,2015-02-06,111.74308799999999
2290,2015-02-09,112.485352
2291,2015-02-10,114.646355
2292,2015-02-11,117.33351100000002
2293,2015-02-12,118.81803899999998
2294,2015-02-13,119.400589
2295,2015-02-17,120.105263
2296,2015-02-18,120.94148999999999
2297,2015-02-19,120.68778200000001
2298,2015-02-20,121.674324
2299,2015-02-23,124.96283000000001
2300,2015-02-24,124.182976
2301,2015-02-25,121.00723300000001
2302,2015-02-26,122.538734
2303,2015-02-27,120.69718200000001
2304,2015-03-02,121.28913100000001
2305,2015-03-03,121.542801
2306,2015-03-04,120.772346
2307,2015-03-05,118.77108
2308,2015-03-06,118.94958500000001
2309,2015-03-09,119.45697
2310,2015-03-10,116.98588600000001
2311,2015-03-11,114.853058
2312,2015-03-12,116.929497
2313,2015-03-13,116.12148300000001
2314,2015-03-16,117.39928400000001
2315,2015-03-17,119.362991
2316,2015-03-18,120.70659599999999
2317,2015-03-19,119.795204
2318,2015-03-20,118.29188500000001
2319,2015-03-23,119.52273600000001
2320,2015-03-24,119.03415700000001
2321,2015-03-25,115.92416399999999
2322,2015-03-26,116.732201
2323,2015-03-27,115.80203200000001
2324,2015-03-30,118.73350500000001
2325,2015-03-31,116.910706
2326,2015-04-01,116.741592
2327,2015-04-02,117.74693300000001
2328,2015-04-06,119.65425900000001
2329,2015-04-07,118.395248
2330,2015-04-08,118.01001000000001
2331,2015-04-09,118.912003
2332,2015-04-10,119.419373
2333,2015-04-13,119.184486
2334,2015-04-14,118.667725
2335,2015-04-15,119.11871299999999
2336,2015-04-16,118.54557
2337,2015-04-17,117.21138
2338,2015-04-20,119.88915300000001
2339,2015-04-21,119.24086799999999
2340,2015-04-22,120.84751100000001
2341,2015-04-23,121.834076
2342,2015-04-24,122.40720400000001
2343,2015-04-27,124.63396499999999
2344,2015-04-28,122.670296
2345,2015-04-29,120.86631799999999
2346,2015-04-30,117.58721200000001
2347,2015-05-01,121.15758500000001
2348,2015-05-04,120.922684
2349,2015-05-05,118.19794499999999
2350,2015-05-06,117.455666
2351,2015-05-07,118.18216699999999
2352,2015-05-08,120.408821
2353,2015-05-11,119.182259
2354,2015-05-12,118.75769
2355,2015-05-13,118.88978600000002
2356,2015-05-14,121.66365800000001
2357,2015-05-15,121.493835
2358,2015-05-18,122.833603
2359,2015-05-19,122.72038300000001
2360,2015-05-20,122.71093
2361,2015-05-21,123.96578999999998
2362,2015-05-22,125.05081899999999
2363,2015-05-26,122.295799
2364,2015-05-27,124.57906299999999
2365,2015-05-28,124.33373999999999
2366,2015-05-29,122.91851000000001
2367,2015-06-01,123.16381100000001
2368,2015-06-02,122.6166
2369,2015-06-03,122.76754
2370,2015-06-04,122.050491
2371,2015-06-05,121.38061499999999
2372,2015-06-08,120.578629
2373,2015-06-09,120.22010800000001
2374,2015-06-10,121.597626
2375,2015-06-11,121.324005
2376,2015-06-12,119.98423799999999
2377,2015-06-15,119.74836699999999
2378,2015-06-16,120.38993799999999
2379,2015-06-17,120.106895
2380,2015-06-18,120.65412099999999
2381,2015-06-19,119.44644199999999
2382,2015-06-22,120.399376
2383,2015-06-23,119.85215
2384,2015-06-24,120.871132
2385,2015-06-25,120.295593
2386,2015-06-26,119.587975
2387,2015-06-29,117.49342299999999
2388,2015-06-30,118.34256
2389,2015-07-01,119.44644199999999
2390,2015-07-02,119.29548600000001
2391,2015-07-06,118.880356
2392,2015-07-07,118.587868
2393,2015-07-08,115.64416499999999
2394,2015-07-09,113.285416
2395,2015-07-10,116.31404099999999
2396,2015-07-13,118.55956299999998
2397,2015-07-14,118.51238300000001
2398,2015-07-15,119.65401499999999
2399,2015-07-16,121.24852800000001
2400,2015-07-17,122.295799
2401,2015-07-20,124.607368
2402,2015-07-21,123.36196100000001
2403,2015-07-22,118.14443200000001
2404,2015-07-23,118.08780700000001
2405,2015-07-24,117.465096
2406,2015-07-27,115.832848
2407,2015-07-28,116.40837900000001
2408,2015-07-29,116.040428
2409,2015-07-30,115.45546000000002
2410,2015-07-31,114.445923
2411,2015-08-03,111.747543
2412,2015-08-04,108.162247
2413,2015-08-05,108.87930300000001
2414,2015-08-06,109.116234
2415,2015-08-07,109.48586999999999
2416,2015-08-10,113.466499
2417,2015-08-11,107.56190500000001
2418,2015-08-12,109.220497
2419,2015-08-13,109.13519299999999
2420,2015-08-14,109.90289299999999
2421,2015-08-17,111.04021499999999
2422,2015-08-18,110.41468
2423,2015-08-19,109.002518
2424,2015-08-20,106.76579299999999
2425,2015-08-21,100.235687
2426,2015-08-24,97.733597
2427,2015-08-25,98.321205
2428,2015-08-26,103.960411
2429,2015-08-27,107.02168999999999
2430,2015-08-28,107.372368
2431,2015-08-31,106.870049
2432,2015-09-01,102.093315
2433,2015-09-02,106.471985
2434,2015-09-03,104.604881
2435,2015-09-04,103.562332
2436,2015-09-08,106.44355
2437,2015-09-09,104.39636999999999
2438,2015-09-10,106.68996399999999
2439,2015-09-11,108.244316
2440,2015-09-14,109.286827
2441,2015-09-15,110.20616899999999
2442,2015-09-16,110.329376
2443,2015-09-17,107.969444
2444,2015-09-18,107.524002
2445,2015-09-21,109.192062
2446,2015-09-22,107.47660800000001
2447,2015-09-23,108.348557
2448,2015-09-24,108.99304199999999
2449,2015-09-25,108.71817800000001
2450,2015-09-28,106.56675
2451,2015-09-29,103.363312
2452,2015-09-30,104.538551
2453,2015-10-01,103.856148
2454,2015-10-02,104.614357
2455,2015-10-05,104.99346899999999
2456,2015-10-06,105.49578100000001
2457,2015-10-07,104.99346899999999
2458,2015-10-08,103.780327
2459,2015-10-09,106.263466
2460,2015-10-12,105.77063000000001
2461,2015-10-13,105.950699
2462,2015-10-14,104.453232
2463,2015-10-15,106.017059
2464,2015-10-16,105.23989099999999
2465,2015-10-19,105.893852
2466,2015-10-20,107.82728600000002
2467,2015-10-21,107.817802
2468,2015-10-22,109.46691899999999
2469,2015-10-23,112.859917
2470,2015-10-26,109.25841499999999
2471,2015-10-27,108.566544
2472,2015-10-28,113.03998600000001
2473,2015-10-29,114.234177
2474,2015-10-30,113.25798
2475,2015-11-02,114.850227
2476,2015-11-03,116.16761000000001
2477,2015-11-04,115.62739599999999
2478,2015-11-05,115.09436799999999
2479,2015-11-06,115.227623
2480,2015-11-09,114.76123799999999
2481,2015-11-10,111.144302
2482,2015-11-11,110.51611299999999
2483,2015-11-12,110.14488999999999
2484,2015-11-13,106.92773400000002
2485,2015-11-16,108.67908500000001
2486,2015-11-17,108.2127
2487,2015-11-18,111.63923600000001
2488,2015-11-19,113.057449
2489,2015-11-20,113.55241399999998
2490,2015-11-23,112.077087
2491,2015-11-24,113.152649
2492,2015-11-25,112.34360500000001
2493,2015-11-27,112.13420900000001
2494,2015-11-30,112.600594
2495,2015-12-01,111.68683600000001
2496,2015-12-02,110.67791000000001
2497,2015-12-03,109.64993999999999
2498,2015-12-04,113.29541
2499,2015-12-07,112.581558
2500,2015-12-08,112.53396599999999
2501,2015-12-09,110.049706
2502,2015-12-10,110.573204
2503,2015-12-11,107.727272
2504,2015-12-14,107.060997
2505,2015-12-15,105.166855
2506,2015-12-16,105.975899
2507,2015-12-17,103.729607
2508,2015-12-18,100.921738
2509,2015-12-21,102.159111
2510,2015-12-22,102.063919
2511,2015-12-23,103.377434
2512,2015-12-24,102.825378
2513,2015-12-28,101.673683
2514,2015-12-29,103.50116
2515,2015-12-30,102.14959
2516,2015-12-31,100.188835
2517,2016-01-04,100.274513
2518,2016-01-05,97.76168100000001
2519,2016-01-06,95.848511
2520,2016-01-07,91.803276
2521,2016-01-08,92.288696
2522,2016-01-11,93.783073
2523,2016-01-12,95.144165
2524,2016-01-13,92.69799
2525,2016-01-14,94.725372
2526,2016-01-15,92.45051600000001
2527,2016-01-19,92.00316600000001
2528,2016-01-20,92.1269
2529,2016-01-21,91.6605
2530,2016-01-22,96.533836
2531,2016-01-25,94.649239
2532,2016-01-26,95.172729
2533,2016-01-27,88.91925
2534,2016-01-28,89.556976
2535,2016-01-29,92.650391
2536,2016-02-01,91.78424100000001
2537,2016-02-02,89.92819200000001
2538,2016-02-03,91.708099
2539,2016-02-04,92.444969
2540,2016-02-05,89.97592900000001
2541,2016-02-08,90.923355
2542,2016-02-09,90.904213
2543,2016-02-10,90.215187
2544,2016-02-11,89.66971600000001
2545,2016-02-12,89.947243
2546,2016-02-16,92.483246
2547,2016-02-17,93.899597
2548,2016-02-18,92.119606
2549,2016-02-19,91.90905
2550,2016-02-22,92.712921
2551,2016-02-23,90.617134
2552,2016-02-24,91.96646899999999
2553,2016-02-25,92.598099
2554,2016-02-26,92.741638
2555,2016-02-29,92.531113
2556,2016-03-01,96.205925
2557,2016-03-02,96.416466
2558,2016-03-03,97.134209
2559,2016-03-04,98.579269
2560,2016-03-07,97.488304
2561,2016-03-08,96.68441
2562,2016-03-09,96.770554
2563,2016-03-10,96.81839000000001
2564,2016-03-11,97.861526
2565,2016-03-14,98.11032900000001
2566,2016-03-15,100.081726
2567,2016-03-16,101.411957
2568,2016-03-17,101.24925999999999
2569,2016-03-18,101.364082
2570,2016-03-21,101.354515
2571,2016-03-22,102.129684
2572,2016-03-23,101.56505600000001
2573,2016-03-24,101.12484
2574,2016-03-28,100.665497
2575,2016-03-29,103.048386
2576,2016-03-30,104.847527
2577,2016-03-31,104.302032
2578,2016-04-01,105.259033
2579,2016-04-04,106.340446
2580,2016-04-05,105.086777
2581,2016-04-06,106.18730900000001
2582,2016-04-07,103.871399
2583,2016-04-08,103.986237
2584,2016-04-11,104.33073399999999
2585,2016-04-12,105.689674
2586,2016-04-13,107.220863
2587,2016-04-14,107.278267
2588,2016-04-15,105.12505300000001
2589,2016-04-18,102.856995
2590,2016-04-19,102.311501
2591,2016-04-20,102.522049
2592,2016-04-21,101.411957
2593,2016-04-22,101.134422
2594,2016-04-25,100.56021899999999
2595,2016-04-26,99.86161
2596,2016-04-27,93.612503
2597,2016-04-28,90.75110600000001
2598,2016-04-29,89.707985
2599,2016-05-02,89.612282
2600,2016-05-03,91.086044
2601,2016-05-04,90.138626
2602,2016-05-05,89.772751
2603,2016-05-06,89.272095
2604,2016-05-09,89.3395
2605,2016-05-10,89.94606800000001
2606,2016-05-11,89.069908
2607,2016-05-12,86.980591
2608,2016-05-13,87.153908
2609,2016-05-16,90.388962
2610,2016-05-17,90.013474
2611,2016-05-18,91.043686
2612,2016-05-19,90.69706
2613,2016-05-20,91.67913100000001
2614,2016-05-23,92.844124
2615,2016-05-24,94.259468
2616,2016-05-25,95.915504
2617,2016-05-26,96.676132
2618,2016-05-27,96.61835500000001
2619,2016-05-31,96.146599
2620,2016-06-01,94.798653
2621,2016-06-02,94.086182
2622,2016-06-03,94.278725
2623,2016-06-06,94.96231800000001
2624,2016-06-07,95.34745
2625,2016-06-08,95.26080300000001
2626,2016-06-09,95.944397
2627,2016-06-10,95.154907
2628,2016-06-13,93.72030600000001
2629,2016-06-14,93.835823
2630,2016-06-15,93.527725
2631,2016-06-16,93.922485
2632,2016-06-17,91.785042
2633,2016-06-20,91.563599
2634,2016-06-21,92.343475
2635,2016-06-22,91.996872
2636,2016-06-23,92.52640500000001
2637,2016-06-24,89.926819
2638,2016-06-27,88.617378
2639,2016-06-28,90.109749
2640,2016-06-29,90.88963299999999
2641,2016-06-30,92.045006
2642,2016-07-01,92.324219
2643,2016-07-05,91.45768000000001
2644,2016-07-06,91.977615
2645,2016-07-07,92.37236800000001
2646,2016-07-08,93.084846
2647,2016-07-11,93.373688
2648,2016-07-12,93.797318
2649,2016-07-13,93.267769
2650,2016-07-14,95.11637900000001
2651,2016-07-15,95.10674300000001
2652,2016-07-18,96.117714
2653,2016-07-19,96.156219
2654,2016-07-20,96.242867
2655,2016-07-21,95.732582
2656,2016-07-22,94.99121099999999
2657,2016-07-25,93.72030600000001
2658,2016-07-26,93.075211
2659,2016-07-27,99.121674
2660,2016-07-28,100.459991
2661,2016-07-29,100.334824
2662,2016-08-01,102.106415
2663,2016-08-02,100.594788
2664,2016-08-03,101.856071
2665,2016-08-04,102.485298
2666,2016-08-05,104.043823
2667,2016-08-08,104.90536499999999
2668,2016-08-09,105.331291
2669,2016-08-10,104.547203
2670,2016-08-11,104.479439
2671,2016-08-12,104.721436
2672,2016-08-15,105.97988899999999
2673,2016-08-16,105.88308
2674,2016-08-17,105.728195
2675,2016-08-18,105.592674
2676,2016-08-19,105.863716
2677,2016-08-22,105.040901
2678,2016-08-23,105.370033
2679,2016-08-24,104.57624100000001
2680,2016-08-25,104.130951
2681,2016-08-26,103.521088
2682,2016-08-29,103.404922
2683,2016-08-30,102.611137
2684,2016-08-31,102.707939
2685,2016-09-01,103.31779499999999
2686,2016-09-02,104.285843
2687,2016-09-06,104.256783
2688,2016-09-07,104.895683
2689,2016-09-08,102.146477
2690,2016-09-09,99.832893
2691,2016-09-12,102.069046
2692,2016-09-13,104.498795
2693,2016-09-14,108.19666299999999
2694,2016-09-15,111.875175
2695,2016-09-16,111.245972
2696,2016-09-19,109.948807
2697,2016-09-20,109.939125
2698,2016-09-21,109.919762
2699,2016-09-22,110.95555900000001
2700,2016-09-23,109.106613
2701,2016-09-26,109.27118700000001
2702,2016-09-27,109.474457
2703,2016-09-28,110.306976
2704,2016-09-29,108.59355900000001
2705,2016-09-30,109.435753
2706,2016-10-03,108.922684
2707,2016-10-04,109.387352
2708,2016-10-05,109.435753
2709,2016-10-06,110.248878
2710,2016-10-07,110.413445
2711,2016-10-10,112.339836
2712,2016-10-11,112.581856
2713,2016-10-12,113.58859299999999
2714,2016-10-13,113.24011200000001
2715,2016-10-14,113.869324
2716,2016-10-17,113.79188500000001
2717,2016-10-18,113.71443899999998
2718,2016-10-19,113.375626
2719,2016-10-20,113.317543
2720,2016-10-21,112.87224599999999
2721,2016-10-24,113.88868000000001
2722,2016-10-25,114.469498
2723,2016-10-26,111.894531
2724,2016-10-27,110.82003799999998
2725,2016-10-28,110.08431999999999
2726,2016-10-31,109.91008000000001
2727,2016-11-01,107.92562099999999
2728,2016-11-02,108.022415
2729,2016-11-03,106.86456299999999
2730,2016-11-04,105.901283
2731,2016-11-07,107.428894
2732,2016-11-08,108.061333
2733,2016-11-09,107.88620800000001
2734,2016-11-10,104.87963899999998
2735,2016-11-11,105.50235
2736,2016-11-14,102.855804
2737,2016-11-15,104.218002
2738,2016-11-16,107.020233
2739,2016-11-17,106.98131599999999
2740,2016-11-18,107.088348
2741,2016-11-21,108.713264
2742,2016-11-22,108.78137199999999
2743,2016-11-23,108.22676100000001
2744,2016-11-25,108.771629
2745,2016-11-28,108.557579
2746,2016-11-29,108.450546
2747,2016-11-30,107.53591899999999
2748,2016-12-01,106.53373700000002
2749,2016-12-02,106.93267800000001
2750,2016-12-05,106.16399399999999
2751,2016-12-06,106.98131599999999
2752,2016-12-07,108.03215
2753,2016-12-08,109.09272800000001
2754,2016-12-09,110.873322
2755,2016-12-12,110.24086799999999
2756,2016-12-13,112.079834
2757,2016-12-14,112.079834
2758,2016-12-15,112.692825
2759,2016-12-16,112.83876799999999
2760,2016-12-19,113.49068500000001
2761,2016-12-20,113.792313
2762,2016-12-21,113.89933799999999
2763,2016-12-22,113.150139
2764,2016-12-23,113.37391699999999
2765,2016-12-27,114.093948
2766,2016-12-28,113.607445
2767,2016-12-29,113.57824699999999
2768,2016-12-30,112.692825
2769,2017-01-03,113.013916
2770,2017-01-04,112.887413
2771,2017-01-05,113.461502
2772,2017-01-06,114.72640200000001
2773,2017-01-09,115.77723700000001
2774,2017-01-10,115.893997
2775,2017-01-11,116.51670800000001
2776,2017-01-12,116.030212
2777,2017-01-13,115.82588200000001
2778,2017-01-17,116.75997199999999
2779,2017-01-18,116.750229
2780,2017-01-19,116.545898
2781,2017-01-20,116.75997199999999
2782,2017-01-23,116.837799
2783,2017-01-24,116.730774
2784,2017-01-25,118.58919499999999
2785,2017-01-26,118.64758300000001
2786,2017-01-27,118.657303
2787,2017-01-30,118.345947
2788,2017-01-31,118.073517
2789,2017-02-01,125.273705
2790,2017-02-02,125.05965400000001
2791,2017-02-03,125.594803
2792,2017-02-06,126.772125
2793,2017-02-07,127.97863000000001
2794,2017-02-08,128.47486899999998
2795,2017-02-09,129.403229
2796,2017-02-10,129.110077
2797,2017-02-13,130.25341799999998
2798,2017-02-14,131.944016
2799,2017-02-15,132.42283600000002
2800,2017-02-16,132.266495
2801,2017-02-17,132.628067
2802,2017-02-21,133.585724
2803,2017-02-22,133.986389
2804,2017-02-23,133.419601
2805,2017-02-24,133.546661
2806,2017-02-27,133.810471
2807,2017-02-28,133.86911
2808,2017-03-01,136.605331
2809,2017-03-02,135.79425
2810,2017-03-03,136.595566
2811,2017-03-06,136.165573
2812,2017-03-07,136.341476
2813,2017-03-08,135.83334399999998
2814,2017-03-09,135.520599
2815,2017-03-10,135.970139
2816,2017-03-13,136.028748
2817,2017-03-14,135.823547
2818,2017-03-15,137.26007099999998
2819,2017-03-16,137.484818
2820,2017-03-17,136.800797
2821,2017-03-20,138.237305
2822,2017-03-21,136.65419
2823,2017-03-22,138.198212
2824,2017-03-23,137.709579
2825,2017-03-24,137.435974
2826,2017-03-27,137.670532
2827,2017-03-28,140.523987
2828,2017-03-29,140.8367
2829,2017-03-30,140.651016
2830,2017-03-31,140.387177
2831,2017-04-03,140.426254
2832,2017-04-04,141.471878
2833,2017-04-05,140.73898300000002
2834,2017-04-06,140.387177
2835,2017-04-07,140.07446299999998
2836,2017-04-10,139.908325
2837,2017-04-11,138.403427
2838,2017-04-12,138.56955
2839,2017-04-13,137.836624
2840,2017-04-17,138.59886200000003
2841,2017-04-18,137.9832
2842,2017-04-19,137.475052
2843,2017-04-20,139.194962
2844,2017-04-21,139.028854
2845,2017-04-24,140.36763
2846,2017-04-25,141.23735
2847,2017-04-26,140.406723
2848,2017-04-27,140.51419099999998
2849,2017-04-28,140.37738000000002
2850,2017-05-01,143.240646
2851,2017-05-02,144.149475
2852,2017-05-03,143.709702
2853,2017-05-04,143.191772
2854,2017-05-05,145.566422
2855,2017-05-08,149.524139
2856,2017-05-09,150.481842
2857,2017-05-10,149.768448
2858,2017-05-11,151.063705
2859,2017-05-12,153.173401
2860,2017-05-15,152.780899
2861,2017-05-16,152.555237
2862,2017-05-17,147.433075
2863,2017-05-18,149.68014499999998
2864,2017-05-19,150.190384
2865,2017-05-22,151.102982
2866,2017-05-23,150.916519
2867,2017-05-24,150.465149
2868,2017-05-25,150.985199
2869,2017-05-26,150.730072
2870,2017-05-30,150.788956
2871,2017-05-31,149.89601100000002
2872,2017-06-01,150.30813600000002
2873,2017-06-02,152.535599
2874,2017-06-05,151.04406699999998
2875,2017-06-06,151.554321
2876,2017-06-07,152.457092
2877,2017-06-08,152.08421299999998
2878,2017-06-09,146.186874
2879,2017-06-12,142.693649
2880,2017-06-13,143.84169
2881,2017-06-14,142.43850700000002
2882,2017-06-15,141.584808
2883,2017-06-16,139.602707
2884,2017-06-19,143.596375
2885,2017-06-20,142.29132099999998
2886,2017-06-21,143.135193
2887,2017-06-22,142.899704
2888,2017-06-23,143.537506
2889,2017-06-26,143.086136
2890,2017-06-27,141.035309
2891,2017-06-28,143.095947
2892,2017-06-29,140.986252
2893,2017-06-30,141.319901
2894,2017-07-03,140.809631
2895,2017-07-05,141.388565
2896,2017-07-06,140.05406200000002
2897,2017-07-07,141.47688300000002
2898,2017-07-10,142.34037800000002
2899,2017-07-11,142.801575
2900,2017-07-12,143.007645
2901,2017-07-13,144.999573
2902,2017-07-14,146.245743
2903,2017-07-17,146.756012
2904,2017-07-18,147.266281
2905,2017-07-19,148.18864399999998
2906,2017-07-20,147.521393
2907,2017-07-21,147.452713
2908,2017-07-24,149.238586
2909,2017-07-25,149.876404
2910,2017-07-26,150.58291599999998
2911,2017-07-27,147.73727399999999
2912,2017-07-28,146.69714399999998
2913,2017-07-31,145.941574
2914,2017-08-01,147.23684699999998
2915,2017-08-02,154.19390900000002
2916,2017-08-03,152.65332
2917,2017-08-04,153.457947
2918,2017-08-07,155.832596
2919,2017-08-08,157.078781
2920,2017-08-09,158.040405
2921,2017-08-10,153.006531
2922,2017-08-11,155.13433799999999
2923,2017-08-14,157.46907
2924,2017-08-15,159.192978
2925,2017-08-16,158.552673
2926,2017-08-17,155.508698
2927,2017-08-18,155.154068
2928,2017-08-21,154.868378
2929,2017-08-22,157.400101
2930,2017-08-23,157.597107
2931,2017-08-24,156.89768999999998
2932,2017-08-25,157.478897
2933,2017-08-28,159.06491100000002
2934,2017-08-29,160.48349
2935,2017-08-30,160.916916
2936,2017-08-31,161.55723600000002
2937,2017-09-01,161.606491
2938,2017-09-05,159.665848
2939,2017-09-06,159.498367
2940,2017-09-07,158.858032
2941,2017-09-08,156.267227
2942,2017-09-11,159.09446699999998
2943,2017-09-12,158.46402
2944,2017-09-13,157.272018
2945,2017-09-14,155.92244
2946,2017-09-15,157.498611
2947,2017-09-18,156.306625
2948,2017-09-19,156.365723
2949,2017-09-20,153.745377
2950,2017-09-21,151.10527
2951,2017-09-22,149.627625
2952,2017-09-25,148.307571
2953,2017-09-26,150.85900900000001
2954,2017-09-27,151.93277
2955,2017-09-28,150.996918
2956,2017-09-29,151.824387
2957,2017-10-02,151.519028
2958,2017-10-03,152.179031
2959,2017-10-04,151.193924
2960,2017-10-05,153.07547
2961,2017-10-06,152.986816
2962,2017-10-09,153.518768
2963,2017-10-10,153.577866
2964,2017-10-11,154.21821599999998
2965,2017-10-12,153.676392
2966,2017-10-13,154.65164199999998
2967,2017-10-16,157.498611
2968,2017-10-17,158.079819
2969,2017-10-18,157.38038600000002
2970,2017-10-19,153.656693
2971,2017-10-20,153.922668
2972,2017-10-23,153.843857
2973,2017-10-24,154.76001000000002
2974,2017-10-25,154.080307
2975,2017-10-26,155.06539899999999
2976,2017-10-27,160.621384
2977,2017-10-30,164.236725
2978,2017-10-31,166.522171
2979,2017-11-01,164.40419
2980,2017-11-02,165.606018
2981,2017-11-03,169.930634
2982,2017-11-06,171.654556
2983,2017-11-07,172.206223
2984,2017-11-08,173.61492900000002
2985,2017-11-09,173.2603
2986,2017-11-10,172.686859
2987,2017-11-13,171.99481200000002
2988,2017-11-14,169.394669
2989,2017-11-15,167.160339
2990,2017-11-16,169.15741
2991,2017-11-17,168.218185
2992,2017-11-20,168.05011000000002
2993,2017-11-21,171.17425500000002
2994,2017-11-22,172.973587
2995,2017-11-24,172.983475
2996,2017-11-27,172.113464
2997,2017-11-28,171.105042
2998,2017-11-29,167.555801
2999,2017-11-30,169.89889499999998
3000,2017-12-01,169.107971
3001,2017-12-04,167.872177
3002,2017-12-05,167.713974
3003,2017-12-06,167.091141
3004,2017-12-07,167.397629
3005,2017-12-08,167.44703700000002
3006,2017-12-11,170.709595
3007,2017-12-12,169.750595
3008,2017-12-13,170.31411699999998
3009,2017-12-14,170.264694
3010,2017-12-15,171.99481200000002
3011,2017-12-18,174.417007
3012,2017-12-19,172.55835
3013,2017-12-20,172.370514
3014,2017-12-21,173.023026
3015,2017-12-22,173.023026
3016,2017-12-26,168.633423
3017,2017-12-27,168.663101
3018,2017-12-28,169.13765
3019,2017-12-29,167.30864
