,0,1
0,470954.03,469912.89873682876
1,380392.04,379810.36623553745
2,267948.13,268493.2234307291
3,240956.87,241028.2188282362
4,308765.96,308725.36312644853
5,962698.68,959818.3879929747
6,578782.46,581122.3451013584
7,720457.35,721305.4551117949
8,469718.84,468191.66081412364
9,323539.4,323512.1416854247
10,1167876.96,1169374.811341152
11,324587.74,325163.000760052
12,100472.72,100618.40283648967
13,457008.24,455817.47734418104
14,178401.55,177403.83064851933
15,375525.23,374659.5755792953
16,154844.05,154774.43231701507
17,202669.95,200926.38569835701
18,291195.67,289723.7833223712
19,166262.94,166653.76113410317
20,1132653.36,1148141.5206452818
21,601114.71,600749.1459482184
22,218874.01,219473.9302351939
23,483234.9,481959.31410234456
24,766089.92,766138.5949740511
25,309649.32,310622.164527116
26,477797.91,477887.8591541874
27,719900.55,721967.5288796113
28,479616.26,478464.0528465125
29,1103386.48,1106293.714648949
30,696299.94,696831.2080850494
31,367844.25,367381.08591815596
32,402618.7,401225.7753892167
33,449583.76,449616.24613064993
34,370688.77,369272.5356881318
35,357877.37,359521.5998253304
36,393216.56,395547.83502915106
37,676749.4,681237.3843813462
38,338520.86,340793.7406250688
39,348696.75,349926.63831939094
40,371751.81,375694.44766224717
41,567210.44,567959.5754147026
42,1126885.4,1125160.5304320678
43,281557.59,281107.76894183795
44,493752.83,493160.6833172706
45,299317.58,289417.6046436421
46,283749.31,285318.54035823874
47,584825.25,584020.3794701883
48,320908.78,319081.4740715248
49,343713.0,344047.32515685196
50,724653.64,717108.168998384
51,295844.56,298208.71764005715
52,488163.64,488271.56491766404
53,272132.9,269895.3050266091
54,418163.99,418493.759634661
55,491788.58,490309.6745264424
56,436229.37,436138.15925340063
57,226357.83,225365.6072387395
58,447712.44,447825.98216743587
59,886163.74,885311.7702852993
60,650503.86,652031.3599485799
61,608977.92,610369.0598194562
62,423835.17,422545.54447665525
63,207556.31,205733.68891439037
64,596451.9,597517.026295864
65,475631.7,474597.9973336619
66,457551.1,456597.09693114477
67,141994.3,142521.42043841045
68,359165.34,357778.6842791215
69,722625.05,724419.4674478206
70,944384.95,944503.0514639715
71,693645.77,695795.4153176579
72,497859.63,498980.95747666655
73,499034.41,498195.3324232023
74,589238.26,586709.7469614476
75,549016.17,550663.6838498162
76,325466.04,327076.4019624833
77,516930.88,517482.889092491
78,514585.04,516428.40942612477
79,146013.9,146417.92485749652
80,319723.13,320258.36773242813
81,282841.21,283850.4490304736
82,640375.96,589018.3400111928
83,1021237.45,1019665.9464419552
84,1120585.76,1124655.9186328107
85,434110.2,430086.5227032141
86,630903.71,635348.401437738
87,825099.03,825765.0144660878
88,396004.14,393664.88461014535
89,932779.43,930552.954036373
90,282282.58,282523.32845950796
91,388498.47,386570.1202117484
92,1224078.13,1223648.7728202008
93,348260.81,348437.9908460189
94,498457.94,497478.4228209118
95,185287.89,184516.586964139
96,251613.91,247858.5552089432
97,242306.9,243059.5613256937
98,527845.45,529448.2878210256
99,1014899.33,1013657.8852586509
100,243604.78,243102.3199814693
101,423277.72,429535.2489553133
102,502366.49,502376.99957911036
103,610776.93,610933.0868444354
104,389106.2,389165.579328541
105,336064.75,337208.8532123568
106,447014.95,444688.569282898
107,452759.86,452033.0034442823
108,553624.13,556734.1110822724
109,224669.36,227864.48784504904
110,411407.95,411668.95464627305
111,674419.24,675604.2764680556
112,252352.45,250400.30442119704
113,653714.44,653147.7168998395
114,640436.62,640285.204361839
115,217013.3,215620.13667179772
116,457438.7,458890.8850921473
117,433416.64,430959.0196340744
118,659105.96,660387.6041921073
119,345318.93,346526.6857536669
120,523823.0,520103.2900966378
121,550013.3,551478.5143265966
122,314042.79,313585.36689826474
123,444353.12,445464.3792423721
124,800281.32,803740.6867369894
125,318110.63,318676.0751465864
126,516016.78,512316.34106164135
127,298171.86,299005.2219905546
128,391771.24,391427.84869729594
129,251029.49,251218.49810719397
130,642944.57,641887.5226808306
131,209858.81,210954.66296217154
132,341120.89,342240.78033928084
133,355897.49,355691.1040058892
134,504396.67,497252.17217224115
135,398717.85,397728.08126541506
136,1199058.88,1208282.8115572084
137,580400.91,577409.3773953188
138,653611.46,655125.7130870842
139,1391405.97,1396342.1932441702
140,340011.54,339014.6972429315
141,407854.61,410331.43603830156
142,816045.97,811898.5501488859
143,469629.86,471245.33287514583
144,351311.05,354189.5493356858
145,437152.22,434334.6938941574
146,258470.5,259972.6400249891
147,404560.33,402634.0831749996
148,903035.17,898420.1670300062
149,449194.91,447911.48967613676
150,466015.59,465284.4619406563
151,932892.07,937072.7294033305
152,146798.73,146337.8586569014
153,1884858.74,1893599.2780428228
154,692675.0,690782.1656551099
155,155484.32,154429.28982773432
156,347514.33,343948.9603917387
157,922383.69,925479.7725800091
158,437935.76,438340.11190398736
159,257843.92,257829.30503460637
160,751543.84,746372.6697502439
161,666547.69,667181.7516296855
162,814273.44,817309.9020911993
163,957115.11,958482.9681809118
164,872358.88,870582.7783369533
165,501629.69,504570.6024190314
166,159586.07,160041.76816039055
167,591619.53,590816.3498555685
168,379259.78,380350.63908332784
169,837995.89,833939.6768438374
170,675232.88,676441.1261833753
171,364336.74,365436.1675297973
172,630437.52,630276.8554612454
173,379026.82,379345.5285811877
174,216699.34,217964.82615203378
175,439550.37,436531.98960457044
176,489038.65,490088.3658057609
177,306150.39,304360.7149721598
178,375834.83,376818.5576044647
179,203031.45,202094.76254106936
180,110039.99,112469.75875653571
181,1214760.0,1213819.349170775
182,544972.37,545768.0096050007
183,260561.99,260220.74876974185
184,964174.93,961360.1116698713
185,377011.88,374850.7917162268
186,426543.34,424802.2546765779
187,1652745.43,1655943.136392852
188,531234.14,531740.2667954895
189,704861.81,704149.8782780217
190,452086.39,449838.39827989717
191,182860.83,183383.74358152508
192,549210.58,545983.8487996231
193,722081.55,725347.2420320961
194,297180.76,298257.2315189637
195,266299.07,265150.36919146404
196,1291486.29,1291487.0186869719
197,655262.91,653244.8440876823
198,227971.84,227150.91679421684
199,289290.53,290956.13465377345
200,235236.95,234868.35588840605
201,175991.1,177689.58417007746
202,559162.74,558612.7073387359
203,339656.49,340471.18398178316
204,664491.19,662457.115138788
205,335948.19,335883.9827199301
206,330852.36,327815.7454980451
207,234621.46,234858.9613448237
208,203583.87,202128.93211954017
209,434362.22,433534.5675275618
210,428215.5,426770.0881779816
211,503129.0,504781.6332283729
212,334434.02,334857.5080898898
213,757631.54,756356.69402067
214,240240.69,243858.7793904603
215,724838.32,722086.8344527447
216,654750.15,651495.4879717602
217,379023.49,382010.3323565138
218,431020.69,429580.45335691655
219,172917.93,171867.87022803648
220,493119.97,494267.96190631104
221,297669.22,298520.6344119954
222,372093.65,371356.1697396699
223,714366.53,716127.8966909167
224,1166063.72,1168712.447258676
225,175674.58,176312.56563609437
226,440453.46,442023.93049492326
227,856196.02,854989.5580866518
228,274248.35,274096.92179447756
229,126875.31,128345.93354724752
230,544970.06,541283.6477880903
231,219910.07,221339.28435469687
232,172232.5,174677.5856136883
233,857038.82,860291.9039030513
234,621681.6,621482.6789631333
235,643592.89,644221.9567680821
236,1389625.58,1390183.1714811237
237,501955.99,501428.6613389605
238,631858.43,630640.7519928452
239,828379.7,827979.3579156793
240,236214.32,235776.67764470933
241,370590.71,370269.5933214909
242,697993.98,697705.834795602
243,354361.75,353248.54410307086
244,343424.58,344160.39252966456
245,616736.22,613148.1229398628
246,500053.95,502574.25877257553
247,599874.97,599100.9386068844
248,180377.68,182470.12602078865
249,540441.84,540506.4648711353
250,656889.88,654286.0529350212
251,393736.72,392653.8375114043
252,404709.15,406891.5841235493
253,245694.03,246881.76334760778
254,1006222.37,1005250.0126227889
255,623018.02,618929.0720766231
256,335959.49,337686.46414849884
257,333310.27,330626.6156997951
258,605999.51,607819.8305925757
259,266075.29,269406.4781886072
260,516094.77,514914.86730521126
261,455450.03,455040.9100112567
262,311836.76,309979.788482032
263,632603.97,633823.5461807405
264,1096320.38,1095105.0642983762
265,1117876.3,1116770.1529937247
266,1198576.7,1192803.8962022553
267,223652.99,223967.50453458563
268,247254.59,248905.99168813782
269,562323.05,563116.5164122966
270,369603.38,371565.8387836696
271,380268.24,383876.3220847584
272,726980.03,723880.6435041153
273,384084.21,383749.6563660854
274,769322.14,771104.3049040203
275,156080.5,153385.2190728844
276,888976.85,892875.0686106507
277,385911.99,387224.72870087216
278,788944.4,791080.4843099706
279,251265.37,249725.6886192109
280,739958.82,739025.0863870839
281,394503.52,395690.22952833364
282,484765.76,485819.61952198244
283,197239.87,195797.67212118668
284,851616.55,849177.0799174235
285,182383.12,184630.80673715594
286,651262.63,652011.5988772754
287,516033.7,515088.8245722682
288,902452.69,902508.203191309
289,287905.66,286761.193835469
290,190000.33,189525.69731839478
291,309033.89,306588.40638300654
292,348069.57,350117.54150480416
293,512114.55,511981.92560909525
294,580599.94,581456.4293051055
295,857233.61,856517.9243609436
296,681561.6,682201.7134133657
297,530167.23,530278.369379326
298,175653.93,173600.27437389723
299,355136.05,358025.7213005848
300,318589.76,319109.731687838
301,538650.23,537673.057567595
302,603850.9,600048.9531893544
303,561272.99,558931.9407741113
304,438791.75,440009.61873753194
305,357056.95,355336.0872128634
306,224796.86,225294.55066329468
307,755955.19,761418.5833834016
308,264404.86,266437.0027580353
309,279679.93,278960.87473954004
310,178624.88,179847.86352660123
311,375814.23,376902.33133349987
312,518084.43,517559.478110424
313,633245.8,631666.1985736458
314,775992.99,777799.7288110218
315,572289.26,575730.2274717025
316,447855.66,445939.80818586354
317,331257.57,330813.28452558676
318,162770.99,161499.47315539367
319,460439.75,459871.02081489784
320,486558.85,485861.44412442273
321,618494.57,619495.9104772641
322,795411.82,794613.0011068423
323,239859.92,239250.53112404502
324,498290.27,498492.7747452699
325,651862.18,649006.719655002
326,921884.8,916719.4849986638
327,899356.6,898725.1404195953
328,641222.16,641547.0462545
329,755603.65,755852.7928898471
330,198350.53,199919.0549350312
331,1318421.7,1324073.6467188536
332,784627.99,787470.85928733
333,494395.43,491866.3907207218
334,239680.6,239325.799442825
335,889744.48,886480.085243793
336,677215.53,675846.253552061
337,419393.82,420564.2313353518
338,660003.76,659925.6497603273
339,183254.73,181742.90273331705
340,353647.03,355250.81621979084
341,241259.65,241481.077331909
342,333869.97,333140.5322003261
343,574599.17,574756.1305297557
344,444196.88,444621.3567640733
345,324499.25,325412.5186851203
346,920463.97,920165.4652049136
347,488491.08,489535.37923335354
348,747461.2,749578.424354309
349,754235.74,757381.2554270772
350,402136.55,402359.732335966
351,593951.93,592915.723962815
352,452342.3,451256.3031827139
353,686920.67,683768.2864479047
354,395437.15,397481.62862233963
355,280679.52,278642.98500811355
356,641898.1,643339.5591910533
357,382906.11,386542.1114440628
358,264062.29,264563.3419567271
359,290222.45,290299.38167918427
360,288116.7,287437.41284559027
361,345679.23,345162.6479332977
362,244625.22,243074.11590823656
363,458983.09,457517.78402505856
364,467101.49,467748.9286439689
365,356008.16,357060.2524767996
366,349680.01,351665.380622867
367,961894.92,964770.1690391036
368,1000530.66,999935.6989227613
369,715066.58,714586.089750441
370,338118.73,337813.9925042443
371,596909.08,600646.0943325295
372,586980.41,584268.7054172172
373,616301.17,615653.2704807764
374,585314.57,585826.2211247046
375,511834.1,512912.846423361
376,542353.35,542805.0541931882
377,503058.84,503149.1942584497
378,329732.9,328607.75156620995
379,879493.31,883971.1265538358
380,450163.48,448422.05657938134
381,648618.34,646906.3976188847
382,124529.42,124038.59892074062
383,498010.22,500709.4176497679
384,493145.38,492874.66519764264
385,633589.81,632316.547615751
386,413007.7,413213.88525840733
387,912477.39,914503.8883342755
388,283639.85,284853.4912251463
389,317088.78,317982.79681684135
390,566242.59,566508.8165504518
391,356672.07,356329.37174571166
392,181887.61,180653.61718299665
393,720382.46,723250.5732545233
394,425358.38,426364.3436180202
395,204935.25,208127.92043875332
396,539043.88,537777.2601106579
397,810019.35,810923.4782002643
398,946120.89,947328.9497485191
399,240056.25,240298.6626157445
400,564164.65,559849.275903573
401,540145.39,541046.6077452766
402,721475.4,720487.9217157665
403,335370.56,334025.518929297
404,773927.09,772904.0928548833
405,531058.65,533648.0009903214
406,467171.95,464279.90976239217
407,591726.12,591129.5023509178
408,338232.95,338853.9259375518
409,686474.87,687790.6130179914
410,751994.9,750327.7322801704
411,602900.71,603948.1776809483
412,728349.67,728231.7529545894
413,496514.91,497209.5739476513
414,368389.53,368844.3660884127
415,233339.92,233738.40331235062
416,594936.88,591153.9713511323
417,342124.72,343085.3943127359
418,706845.01,704567.3502126548
419,1206052.58,1209809.1850323419
420,209379.85,213352.5529682345
421,318862.21,317373.51360209263
422,1048646.95,1050592.241907862
423,289237.32,288388.10402135516
424,617097.72,618324.0543584265
425,474434.95,474237.7747019535
426,604857.68,603051.896231639
427,637732.55,640229.8948290182
428,440303.34,442600.181152791
429,390157.8,390504.134640027
430,564603.03,566817.3434189064
431,1116501.23,1110769.6066077757
432,638753.75,639269.1102473179
433,829860.44,830961.9594173668
434,812898.85,810194.2167142022
435,1182746.29,1179271.2550532692
436,788606.94,793125.4393239485
437,655247.9,656709.9442952765
438,696103.67,692123.9871275352
439,236067.68,234792.64398759636
440,735356.5,736895.0671762101
441,240874.47,239722.1406682127
442,729930.92,730927.7727873322
443,284940.81,288072.43013635324
444,592309.25,591537.0625160167
445,700600.67,701169.048032568
446,223331.07,224467.33728908654
447,323934.61,324822.578139983
448,994100.94,997826.6396070564
449,1158456.21,1156606.7858075332
450,268059.66,269395.9438595192
451,884020.29,882809.1184377924
452,173725.04,172827.81670702173
453,1034453.69,1036769.5022294233
454,393681.55,393903.1295459623
455,211336.86,209985.8763827564
456,479688.73,478098.8376923516
457,210311.98,211214.36251940217
458,344844.84,344387.9205137526
459,330604.89,331253.91584197874
460,720657.84,718419.797478158
461,437524.12,436495.8928244593
462,836952.76,833309.6670418261
463,183802.48,182993.600311902
464,473508.66,471520.61554846825
465,467885.99,468816.90000680415
466,566393.86,570721.0985643707
467,375586.85,374898.5902435311
468,647678.87,643945.7946901823
469,376473.24,378201.48570132913
470,870106.15,872159.1991438726
471,202392.57,201892.60696328434
472,168335.94,168812.89079805434
473,708221.83,707649.3396207769
474,485180.9,484274.87684017094
475,580596.6,580095.9282597638
476,366769.12,364152.8279143201
477,214102.36,214660.08825122187
478,274206.23,273849.4309730336
479,274415.81,273995.4083945522
480,743426.19,742718.9552492574
481,501439.42,504460.5633419388
482,1069720.16,1076675.2821525394
483,1167263.48,1162367.6654568247
484,519718.58,512103.29716259846
485,995148.3,998535.5128874044
486,244492.65,245085.67012616683
487,366304.74,368893.298156701
488,496046.41,495996.0762426286
489,262971.38,263150.4305255843
490,263030.71,265063.93182653614
491,772506.54,774370.1893489439
492,120115.15,120052.13154796971
493,573281.93,568491.7570671334
494,486535.9,486354.63286264654
495,518947.43,520300.2759365123
496,829799.88,827464.9886613098
497,581076.86,581047.8233274433
498,225861.05,225768.24254693027
499,614411.64,614547.5809791875
500,434340.09,436534.15078861814
501,260053.11,260121.72187103325
502,911833.68,910856.6153732035
503,161252.29,161231.2335569036
504,413315.31,411691.3566639479
505,264622.1,264072.1608581166
506,1128730.93,1128477.2331155064
507,680276.69,679759.161266316
508,657741.09,662617.8099556405
509,183268.7,182819.02171968383
510,605773.9,606095.2942429698
511,356265.27,355721.4132829677
512,308976.61,309407.95586669486
513,577826.1,575910.7598978446
514,188342.05,188642.68569961088
515,300353.68,298559.01883792836
516,640698.08,639380.41323924
517,1382344.68,1389165.9945054827
518,928904.91,931885.8725902645
519,302061.67,304272.92628124676
520,285630.77,287443.76260842406
521,1158753.01,1155516.2037534958
522,175507.71,176238.60666901944
523,1718007.5,1713209.4947014477
524,995903.03,996025.9471460192
525,216113.47,214681.87747011258
526,501326.39,504035.28352986556
527,479218.15,479327.4901167478
528,665499.67,663190.0439527375
529,473043.16,469791.83759023313
530,484079.91,486051.3449075248
531,882089.3,881693.971171962
532,92099.89,93545.34067359076
533,408968.56,408008.867864325
534,1018082.29,1014365.7424239872
535,416694.04,418414.50245402055
536,732575.41,741422.2966081931
537,270742.75,270182.5832458765
538,485921.93,485320.78677727527
539,253955.5,255203.72175277717
540,1328557.04,1327309.9231387936
541,364255.95,363001.7715357406
542,414479.13,417406.91348740266
543,487641.25,488486.5706773694
544,587920.83,587710.9199917471
545,314883.67,316738.0364858365
546,1527363.17,1527983.2749160605
547,821110.71,819001.8257687455
548,213905.43,216902.97653575486
549,223956.53,223865.6912299712
550,848844.79,852092.9633296141
551,588829.33,586616.8063831519
552,440479.8,442120.04372523894
553,121666.06,123181.85582787741
554,547590.47,552312.2908186878
555,790435.37,787683.4494047447
556,519541.34,518947.90877444355
557,530310.11,529524.8128358845
558,229606.01,229144.20363000844
559,127501.61,125846.04050355827
560,431839.21,432335.20880206855
561,329161.04,328772.8516643306
562,828973.17,828265.9664963568
563,578736.12,581256.9815974797
564,354821.27,353543.2635445988
565,563893.89,569018.5416483455
566,170373.4,170706.54656676447
567,510416.36,506056.4437333745
568,622275.58,621140.8944973083
569,719628.14,721533.0015000858
570,246034.41,245608.62323457524
571,194155.31,193641.85670704368
572,526042.76,527418.2549491366
573,460755.01,461863.3003262608
574,479374.93,481538.96514249826
575,295430.99,296161.61976089334
576,350999.63,349447.8936212757
577,307186.93,308176.4648401352
578,616556.42,616824.2468625032
579,916953.37,916569.3254400177
580,375564.17,376169.45399963896
581,278925.24,277792.2062443249
582,303938.44,302910.7638698118
583,533199.49,533551.0210935993
584,830358.48,829175.6663928125
585,791258.12,792803.3424762466
586,740790.68,736731.6408653737
587,343877.21,341038.3537077757
588,555827.38,557623.2757277265
589,1065117.68,1067042.1782114196
590,283594.73,283297.88480399613
591,382549.93,384515.63340763684
592,171162.67,170460.63744954165
593,409805.25,406042.9030027826
594,484397.34,483109.6699644103
595,168986.46,168721.2028173451
596,235454.22,235743.32204843452
597,439435.69,442006.17022064026
598,192752.32,192546.66704928468
599,788397.67,792228.7763453582
600,295204.78,293718.6514873721
601,414022.42,413316.8435544985
602,312737.83,315090.07568524097
603,726595.68,725826.7731618527
604,380994.17,382674.98549516103
605,721147.89,719889.5418310772
606,118663.11,117514.11395855277
607,225606.55,233097.00937521394
608,367909.12,367789.8330658919
609,333691.78,330851.9667698459
610,992640.79,993490.244973315
611,237532.12,236799.41557578978
612,354720.74,353459.0529134064
613,259922.29,261148.33967237896
614,182684.91,182559.74224178397
615,280211.01,279904.04152969917
616,588144.36,587649.5557376081
617,545273.41,543204.2804713182
618,173859.62,173806.27109637036
619,276444.96,278180.08273102203
620,155150.66,154876.7653242557
621,479491.58,477293.0071658337
622,232717.36,234699.4493076545
623,335155.44,334303.2895128756
624,602845.07,601643.4384885381
625,230721.72,230739.1309870041
626,413211.27,410981.44040381437
627,323858.3,322142.04397502146
628,401312.5,397977.20849594515
629,254249.28,255446.64061547024
630,446281.4,444547.93539081403
631,232847.15,233114.92833649975
632,381497.34,381531.55551306735
633,270348.03,271665.1244410788
634,389483.27,388954.34991388244
635,226305.61,228482.45833810576
636,859561.3,858968.4882714362
637,593228.36,595797.1553144495
638,342368.0,342842.54069507914
639,581113.01,585486.1069604699
640,288820.81,288804.4200273559
641,791129.53,789320.4627611741
642,497334.58,494442.67217401636
643,929710.44,925456.8881881484
644,236266.98,235458.19721502322
645,326711.65,326610.7414070056
646,323706.45,324637.77377640863
647,855744.35,851732.1045166764
648,368869.88,371016.3085961613
649,1302068.86,1299361.663682099
650,280198.69,280935.8795026636
651,448971.36,448483.22491290176
652,316272.96,316758.48378804163
653,247409.62,249111.39178467938
654,828515.12,831264.1581492239
655,239351.92,236178.70105424584
656,386628.35,385312.2009540424
657,453462.84,452608.62475944485
658,364843.41,367089.86430501216
659,424128.74,421357.9306705786
660,347576.07,347679.31584507984
661,408404.28,410201.3881994687
662,319520.31,316837.356770926
663,146682.17,147661.41384363003
664,647249.21,649951.77866115
665,326922.93,326853.926739229
666,450056.03,453855.1328087251
667,345135.91,346999.03607924364
668,318006.02,319621.8734852441
669,1140480.09,1143432.6530779526
670,1052190.34,1049310.8906928736
671,138803.83,140230.36338777837
672,285784.0,283881.4220690546
673,1057183.25,1051534.384878809
674,234123.18,232489.76193512563
675,314200.51,315959.3599277715
676,549743.24,547763.561117314
677,259309.7,257540.0756401447
678,199055.25,196681.17178076904
679,223925.03,223906.4835328643
680,498247.08,499074.29494390066
681,382466.05,382900.6319441562
682,203397.42,204966.79502541214
683,1507743.19,1505294.360914121
684,467809.54,467479.32871592755
685,697765.83,697180.5764309184
686,349607.4,348195.68424849067
687,493986.53,492639.99012147903
688,377753.12,376819.14696183486
689,628958.51,627911.886079137
690,497551.99,496662.2267460548
691,454419.15,451212.66887288576
692,708085.47,706335.6738156327
693,375187.34,376836.2131413948
694,261361.79,259654.03196892026
695,783844.1,784070.651818692
696,495644.53,495484.8749709371
697,474409.75,476791.1576547143
698,513797.86,516805.5536107493
699,1203645.47,1203602.5967065976
700,409364.18,408361.37380918546
701,489552.94,487843.719723394
702,587553.48,581142.6726404033
703,459215.16,457397.6120652115
704,368589.43,370336.58670376276
705,258185.06,256289.0431273873
706,687673.49,685275.8345220073
707,457653.28,460430.8399179116
708,362869.51,363511.6125896048
709,336402.59,337765.89989073726
710,242912.54,240921.02926330006
711,875910.87,873051.9915083024
712,406443.83,404553.36913686816
713,519831.18,515809.9112213617
714,296306.54,298223.73377858393
715,2037157.33,2038515.937963313
716,580092.78,580760.5009807686
717,246123.37,247511.5243496878
718,658659.43,661246.0947215254
719,1429776.27,1424773.288484254
720,502827.58,501229.99180452304
721,1295863.17,1299138.817354381
722,874170.2,873869.9939411504
723,297259.54,298286.9821593904
724,291080.68,288964.2077890363
725,487861.81,486809.0282940309
726,343328.29,343836.40893376595
727,203970.39,205116.37967647202
728,797944.36,795892.9566278802
729,368681.06,366168.41251006536
730,980243.09,978835.3569166875
731,1761416.94,1760191.8653723795
732,345620.43,346599.9893789479
733,391336.21,391532.27387652
734,557865.74,557044.1034892017
735,630213.97,632682.1635232341
736,513593.92,513584.6309791617
737,1020580.11,1021818.6189948415
738,524044.89,523262.5470082046
739,201076.84,201858.05426898564
740,914184.11,913895.4984243745
741,716718.75,715171.3891806474
742,131821.33,133168.6983681068
743,436961.96,438295.98040070356
744,269301.56,271058.01222236326
745,545328.2,546697.9376456552
746,783033.06,782090.4616543482
747,605366.68,647214.1301222071
748,803698.97,804072.2848683228
749,119378.01,119867.95840407649
750,305833.8,307282.9058295684
751,384211.36,383760.6664612957
752,144595.9,143992.18937114938
753,871128.76,867819.5538175775
754,691743.39,693018.8184546137
755,470274.53,468948.80763233063
756,729761.37,727913.0914346764
757,1112465.65,1116965.1501904724
758,449980.86,449504.2662858716
759,421112.75,425613.91834037233
760,624951.94,626828.6380258878
761,858793.94,857113.558338837
762,1018071.64,1010990.5150459636
763,554558.9,551241.5364748453
764,480912.22,482223.3909369527
765,829508.62,828490.1775955863
766,607380.28,607248.6675763107
767,550104.31,551962.338567541
768,699828.15,696089.3725658003
769,226942.96,227272.02283109468
770,224101.95,224472.54203067548
771,474138.66,473931.7394001383
772,249063.6,249197.24057969893
773,201577.59,202710.48965164257
774,455359.86,453626.3769960908
775,587196.41,589580.95183309
776,1670754.39,1677535.4872344304
777,626458.79,628291.5908152796
778,547955.46,549477.3244896212
779,291361.6,292742.4069075815
780,628544.13,630190.081832459
781,712887.34,712360.0097731212
782,557139.24,556345.8514810327
783,509743.73,509365.3263813944
784,521899.73,524898.0209306346
785,1143791.83,1144617.7091493248
786,327314.54,327848.18606690265
787,522750.49,525503.7615575178
788,390164.74,391961.3087376718
789,645156.3,641664.676907806
790,629874.86,625335.1605215289
791,324288.84,324259.76712223486
792,312155.57,309724.9763476531
793,863231.72,866138.3362392804
794,276752.45,275179.6046667043
795,394426.95,395749.02006467024
796,697083.65,699044.3890913702
797,661051.53,661569.1088217134
798,620411.95,616101.0747913143
799,271672.51,270986.49028642254
800,564989.72,571147.2392799935
801,181993.46,184854.04561295387
802,495363.03,495070.3916691011
803,321621.73,319400.900426467
804,234280.7,234424.83748950146
805,225692.89,224154.26493276426
806,369941.01,369222.33525557583
807,447581.32,446918.1645391828
808,712994.5,706813.5571801494
809,192721.34,193244.196240192
810,618760.46,619390.6610361472
811,486952.36,490265.5079698914
812,1068024.21,1057552.7337210854
813,1202162.93,1202081.278396618
814,683566.0,682543.044046553
815,724389.12,724193.7067706943
816,520976.68,520988.2983117304
817,369990.4,369206.47576507577
818,128652.79,125963.74140610732
819,620932.03,604184.3863021985
820,207559.88,208280.80545373648
821,536755.68,536070.0291345152
822,144954.81,146080.0124403165
823,959909.76,966335.4864359782
824,510797.15,509071.2468368882
825,266873.25,267832.52415937395
826,811385.45,813923.9786074305
827,543078.95,544113.8402383277
828,690951.48,685318.0190620258
829,751901.17,749094.8270781512
830,457876.56,460773.298349631
831,317352.45,318418.32043276983
832,2408364.9,2400255.562206589
833,171535.19,172294.47703558792
834,558425.15,558516.7521818851
835,262244.7,262092.17250069237
836,515689.9,520089.1517711072
837,275065.95,276773.9808593222
838,558102.08,558793.9401668746
839,378923.47,382719.5614475211
840,905265.14,908751.8279643935
841,606058.52,605890.342077327
842,154277.96,153625.72078472492
843,391527.69,392811.9420041594
844,292108.28,292775.68181965663
845,633942.96,631261.9926306703
846,671290.87,671836.1474596101
847,594307.26,596377.0545755258
848,467733.11,468767.43070785026
849,820967.78,818802.2380241542
850,414154.54,412573.23638226296
851,1560666.29,1562929.1380295758
852,259431.33,259101.2175416607
853,271079.48,272116.32007024664
854,253920.91,253202.3028453791
855,287645.62,288363.0915151161
856,217163.44,214290.54224029608
857,974617.0,973651.5214634747
858,1388766.6,1387988.607896171
859,260736.33,259738.40067449736
860,331331.3,331835.4082837049
861,505712.85,507957.3265618264
862,255269.07,257138.53858876473
863,915032.36,916523.2014610344
864,271897.89,270950.95964370307
865,956979.19,956893.277096718
866,615999.99,617570.5585793271
867,1199170.87,1197394.894239824
868,394849.94,396504.1276528384
869,463978.47,463022.5643510927
870,816551.17,814334.5237375635
871,552157.05,555046.5642781658
872,480927.01,481130.95065257617
873,589587.96,589300.9519229678
874,669178.75,669178.172978732
875,284965.53,283106.2923532976
876,856323.82,857439.6137214924
877,974052.91,975537.2622072917
878,934052.32,926587.3973679376
879,295556.96,296755.54160592076
880,521688.85,518499.68847222
881,470635.24,471198.46013865183
882,482386.61,486109.12835343217
883,716846.5,717458.8619812859
884,741086.43,746854.0093651777
885,336065.66,334472.6064937776
886,410536.43,412510.00628039835
887,548068.88,548356.6440696197
888,547127.28,548844.6165458099
889,870547.55,874413.1186048937
890,264342.52,264901.07870396174
891,219684.36,219029.26979699286
892,770741.69,776259.2036985465
893,628995.05,628152.5036788178
894,339461.67,340653.0628915138
895,514586.24,514207.79306501267
896,841019.34,843582.1414889428
897,503794.27,501468.9124131968
898,813995.4,817217.7942200927
899,391633.22,391807.8971719653
900,726531.86,723754.5138053272
901,1038352.64,1039342.0586409634
902,211936.65,214360.44537592767
903,788305.4,784211.4170997776
904,461309.06,461187.6542850234
905,1043489.12,1040884.939005618
906,362506.7,362292.42407279584
907,112266.74,112436.92437169496
908,1263238.76,1264197.4479996406
909,620566.11,620101.2095352116
910,379126.14,380481.10872903187
911,517252.59,516311.89756492886
912,1149523.93,1150324.9912363137
913,390612.29,392602.5346365564
914,455527.31,456741.47950407414
915,234024.11,234588.5716747973
916,249542.16,249027.36586310453
917,290064.58,291447.78447349864
918,300017.31,299734.19550431136
919,499461.86,500317.1174965943
920,244900.73,243840.24957774256
921,304165.99,303279.4641417911
922,210986.67,210675.78916112226
923,265367.21,266137.5708490731
924,405846.2,407638.77639533277
925,973027.24,971863.8447426986
926,758408.98,759844.8993751188
927,154962.66,156303.6922918243
928,626370.58,627992.5539392179
929,515339.43,517009.399170215
930,540774.02,541501.650577886
931,354404.8,353795.95067998447
932,118332.59,117993.4261865307
933,429548.48,430199.8459251851
934,382187.97,384939.3244037953
935,806232.03,809661.2751674012
936,407145.98,404727.0364066545
937,439265.8,439251.3839704343
938,810879.54,816475.7389477292
939,791097.58,791903.1793017256
940,217090.89,217750.32515847372
941,491335.45,492049.94851076417
942,478077.58,474698.59040419717
943,303133.1,303022.448519379
944,193347.81,194415.98248767515
945,722614.88,721622.6201693069
946,384189.09,384478.56450340676
947,199571.47,195243.87907735823
948,392914.96,391273.2366462394
949,1071655.09,1073681.9968176144
950,459228.62,459203.7180370483
951,116539.25,116746.51656862827
952,225770.86,227272.879949516
953,703452.06,699627.988458254
954,824221.09,825382.5595884395
955,809381.79,809180.3114022119
956,411662.3,405045.82049149956
957,1633592.23,1627624.7531565959
958,235943.41,237054.2264801925
959,452072.67,452637.74970983824
960,832861.67,831799.44709386
961,858557.56,859575.450672893
962,284377.9,284326.97668519185
963,228891.6,230127.11878615062
964,306748.83,305872.43504973943
965,166832.05,168276.1911918241
966,947163.45,944913.509149843
967,378717.17,378469.5306267743
968,774023.07,771276.1631607288
969,391800.83,392402.93185137457
970,270849.79,269475.8472218274
971,701664.47,698414.9119514696
972,325950.01,326954.15407819615
973,295962.03,295135.45631138573
974,253110.17,249722.58860969858
975,492955.26,492498.4364899579
976,253135.82,252101.6889597103
977,1558463.64,1555056.4775953926
978,1011911.56,1012717.7375426671
979,153010.85,117242.03586317383
980,942652.71,944316.8809646118
981,697952.43,695241.0042463837
982,366839.45,368579.341434791
983,548418.57,546900.5925120416
984,611594.91,610339.7451092098
985,574603.16,572236.226319609
986,576830.68,576369.6831377388
987,1585467.35,1586928.9036078942
988,271512.15,273466.91345078434
989,724105.41,726421.5434598797
990,601220.58,598749.2113460035
991,592815.65,589065.430897763
992,1222540.61,1226176.6292576739
993,692748.71,693833.9560327015
994,542643.3,542353.3276414069
995,436327.35,431051.0019476923
996,608145.67,608110.9794796867
997,605702.62,602771.5744405154
998,1025676.53,1021921.7361611526
999,241191.14,240708.87300673567
1000,335339.84,336706.2261609266
1001,647607.1,649880.2311664704
1002,403545.92,403056.9854412348
1003,1020820.41,1020256.2632407382
1004,1020344.7,1022575.5995138756
1005,419536.9,417484.7641147663
1006,572923.67,569399.356575107
1007,172723.56,168610.60617153274
1008,569758.68,564515.8376077184
1009,184253.72,185875.84514752854
1010,300700.27,303528.8964782683
1011,797633.28,800750.9060571247
1012,479745.97,480288.89160074655
1013,672607.71,672309.562217526
1014,659081.84,661777.5945337503
1015,143387.51,144698.71234462416
1016,436967.1,438152.80229820113
1017,228275.38,211067.5139719207
1018,389793.74,389691.42283603374
1019,583128.24,585220.9282052324
1020,538252.32,540569.797350701
1021,174321.25,173181.70722146268
1022,952361.26,951205.0455695591
1023,538404.28,540714.7202679627
1024,439048.51,436596.622103115
1025,324600.96,323968.6423021504
1026,276532.49,276492.0696909609
1027,260090.38,260150.00528209808
1028,844911.56,846348.7870743448
1029,591639.43,592659.7352406029
1030,382857.84,383216.28790045064
1031,489192.78,491854.6424050657
1032,2353325.02,2359951.3910796153
1033,632974.11,634195.3693007252
1034,483193.25,482213.29091105657
1035,250236.81,251855.37263349025
1036,470632.69,469019.3090616036
1037,248247.04,247657.91679075765
1038,217765.62,217533.79639278102
1039,396296.05,395625.1515574123
1040,780861.2,788652.9152627965
1041,119820.98,120006.43039044694
1042,258457.0,258843.67254944367
1043,256728.81,258629.6060373445
1044,931089.48,931528.7481935837
1045,343031.66,344610.9394997079
1046,1328986.68,1326550.8831270742
1047,269255.28,268481.992614895
1048,768325.68,768827.0915860805
1049,253257.38,255514.53343101701
1050,322258.16,321643.1589058827
1051,433358.45,433058.3177370613
1052,162383.0,161671.99534555376
1053,516515.34,515818.2074018902
1054,806741.4,812655.9327806664
1055,412332.93,410986.7139519041
1056,462718.64,462793.7166060331
1057,158421.46,158753.74654048795
1058,458063.49,459335.5044608281
1059,586320.98,585059.7937502011
1060,1113490.05,1116527.8515067226
1061,316892.03,315494.3231407126
1062,163758.06,164062.7728192307
1063,520371.3,519797.38233425375
1064,348914.94,350201.7653000958
1065,1301715.83,1300634.4216600442
1066,398608.08,399917.622082368
1067,189259.06,189698.08884051465
1068,110973.41,111737.71700276023
1069,174012.04,173231.76960471936
1070,1788248.39,1792164.9204744003
1071,191651.43,193949.56308206817
1072,254110.29,253398.0376044386
1073,665754.75,665707.6901384667
1074,713632.3,713836.9196020733
1075,423462.46,422857.3413610215
1076,844031.23,846775.799610392
1077,357171.83,359577.13042999397
1078,648766.21,648630.494363355
1079,246627.56,246253.75040729943
1080,111207.1,107889.39628625094
1081,596955.7,597226.476103039
1082,484079.28,481822.7378964601
1083,248059.39,248117.00934701154
1084,128294.33,129492.0046146388
1085,513714.39,515531.5612983648
1086,472597.57,472254.4018824509
1087,366980.58,366746.2200202097
1088,138540.59,138166.89455787232
1089,921847.9,920465.7347504145
1090,149561.34,149079.71969190397
1091,1113407.89,1114905.7801221323
1092,561735.44,555553.9364113874
1093,176678.06,176113.4516198414
1094,532650.5,533427.1785139147
1095,330781.85,331231.41824765527
1096,294661.86,297140.60436901095
1097,1262668.93,1264604.5963581018
1098,409672.78,405161.0840922079
1099,195761.45,197494.54483051243
1100,267743.76,182325.18729205447
1101,625052.15,624081.6384781238
1102,624509.88,623386.7494712553
1103,500970.5,496403.64515139215
1104,1310007.47,1311411.560201936
1105,691842.15,695183.0722210107
1106,463645.18,463866.94891303935
1107,260984.28,261257.8516199204
1108,707014.91,707272.2911381542
1109,393450.9,393092.9913497219
1110,655566.18,657126.0406885348
1111,263994.93,264972.8423003652
1112,1369287.77,1369534.0191710475
1113,976842.18,975220.9977590076
1114,290573.75,290342.3215617903
1115,428314.64,429014.6523718188
1116,437734.84,434898.5190925057
1117,538178.14,535570.4742545419
1118,365768.77,363930.9099184498
1119,718537.47,721467.4743505658
1120,251445.1,249735.65742111264
1121,755847.02,754884.7435805106
1122,623310.79,620693.5859638809
1123,308076.03,307764.3628406378
1124,461296.13,464071.4376429507
1125,324281.28,326032.9603664262
1126,410290.04,412418.72430613474
1127,329228.63,329793.0803033032
1128,607825.88,607371.602471347
1129,618242.17,618415.8135204585
1130,434981.84,437208.9417412318
1131,548737.74,550395.8926969544
1132,209906.54,210446.76331322297
1133,887343.79,885477.957951148
1134,786275.38,786427.3242890633
1135,524276.43,525278.1101978171
1136,708394.42,709111.5842235292
1137,235413.18,235865.78745620098
1138,591455.72,591555.905638177
1139,605475.23,607295.3760843957
1140,815717.04,813445.1467731555
1141,135051.24,134421.4507228521
1142,468539.04,470222.9797023637
1143,244745.64,246878.22059337972
1144,401762.5,401781.9787336977
1145,221146.12,222113.262227225
1146,267467.14,266551.1222613615
1147,344910.7,343643.8017338831
1148,251177.06,249369.49968276906
1149,212252.67,212191.84741052493
1150,340087.94,337846.9108255757
1151,431581.43,430135.53607043816
1152,538671.76,537164.242181601
1153,497060.78,497610.392546038
1154,281284.54,281529.5602366778
1155,515699.81,515230.9386317071
1156,160388.45,161092.9156840699
1157,875794.15,870822.6428531073
1158,288297.34,289541.9639732075
1159,1447388.34,1451155.8648251004
1160,388711.0,390973.36592599784
1161,500276.63,500584.9877490135
1162,336933.33,337726.68975703046
1163,322266.91,322068.62789823127
1164,233516.03,232902.5255580785
1165,301169.14,300711.99941293837
1166,329292.07,328157.464546115
1167,732802.36,730463.2504850242
1168,440783.3,440059.0000313416
1169,475804.78,476434.60840313224
1170,275618.02,275881.339452589
1171,250437.4,250749.589829958
1172,200063.83,200260.3954245596
1173,436043.69,432114.3713383985
1174,213497.76,214513.1479304098
1175,819091.81,818178.4147436197
1176,299591.12,302243.3393308363
1177,143208.66,138837.69931702444
1178,700130.74,702950.435460076
1179,213079.91,212809.1075048343
1180,742519.39,743644.0926354874
1181,470375.34,470399.96778293414
1182,461636.99,458949.7939069044
1183,728580.96,727243.9911632189
1184,350232.28,351019.743174918
1185,475187.85,474038.8163859126
1186,283849.16,284460.3965140557
1187,954015.6,952719.2274507964
1188,880829.0,885043.2087449124
1189,445968.49,448300.7423723427
1190,825080.36,824396.8294723218
1191,396923.63,395741.83602180716
1192,416749.77,416683.4165871917
1193,496086.99,497958.53231410217
1194,639455.57,639134.4162808394
1195,636398.55,637167.2403672944
1196,252309.17,250198.10081735894
1197,292917.17,290622.7101908136
1198,654778.77,651252.4224022791
1199,695136.42,690648.5983158596
1200,517743.96,520535.5028054812
1201,610820.39,611228.7117874441
1202,363967.03,363517.3361329519
1203,302166.12,300786.7675955697
1204,864951.81,862566.3433491937
1205,275911.22,276181.46428842074
1206,592214.03,593963.250198974
1207,460231.71,463017.2836581948
1208,507818.96,507289.16071830643
1209,783211.24,785195.502156801
1210,775578.2,773099.8493497616
1211,1116096.49,1115664.6700463204
1212,522039.19,521850.84393309837
1213,518907.95,519961.1265579454
1214,436739.94,438320.1028055767
1215,557057.32,560292.8010831487
1216,227447.12,225274.16246938342
