,storeid,year,month,sal_amt,pred
0,11002010,2017,8,256204.09,278411.4455464687
1,11002010,2017,9,317951.15,270763.8831147738
2,11002010,2018,8,419427.11,245615.0820304919
3,11002012,2017,8,131821.33,104602.38675194234
4,11002012,2017,9,160388.45,157159.98748766258
5,11002012,2018,8,170807.33,147711.37464246154
6,11002019,2017,9,724653.64,808131.5722091924
7,11002019,2018,8,748615.59,717623.1035826355
8,11002021,2017,8,1007346.03,952066.8609864209
9,11002021,2017,9,1055426.94,991619.7615986187
10,11002021,2018,8,1064613.7,1040802.886197621
11,11002023,2017,8,335339.84,342991.4044600371
12,11002023,2017,9,352187.69,338175.2709927298
13,11002023,2018,8,341722.61,312657.9143137876
14,11002025,2017,8,224669.36,232136.64029972628
15,11002025,2017,9,256872.37,233684.4693891108
16,11002025,2018,8,186935.69,207023.26509888284
17,11002029,2017,8,385059.0,436590.728128843
18,11002029,2017,9,416694.04,399328.27653145045
19,11002029,2018,8,403067.13,434667.33868219145
20,11002030,2017,8,232985.72,247850.3459787201
21,11002030,2017,9,264846.81,254405.56898347847
22,11002030,2018,8,216157.36,246803.5611804463
23,11002031,2017,8,135702.56,119551.38341512345
24,11002031,2017,9,147102.75,152883.45368973166
25,11002031,2018,8,134553.47,162691.7987628337
26,11002035,2017,8,1059629.04,1123969.2496889103
27,11002035,2017,9,1037123.16,1036475.5352426544
28,11002035,2018,8,966788.53,955089.4616974127
29,11002036,2017,8,703618.08,693493.4009272307
30,11002036,2017,9,640210.38,670614.5833513476
31,11002036,2018,8,630780.35,610844.0731409807
32,11002037,2017,8,225092.82,205195.13404389843
33,11002037,2017,9,236416.75,213655.15470231883
34,11002037,2018,8,230812.38,252639.09965133853
35,11002040,2017,8,419393.82,460919.00371457636
36,11002040,2017,9,393369.02,404696.0015586242
37,11002040,2018,8,475819.91,413075.62025713734
38,11002053,2017,8,857038.82,835850.565088639
39,11002053,2017,9,886163.74,863396.6822809577
40,11002053,2018,8,823328.68,860199.7660154384
41,11002054,2017,8,335933.4,348762.7202517409
42,11002054,2017,9,339886.83,333567.19066590816
43,11002054,2018,8,330355.5,329795.52959395386
44,11002056,2017,8,819836.88,935780.5392904729
45,11002056,2017,9,858557.56,774096.9612189848
46,11002056,2018,8,871901.6,905535.8359126188
47,11002057,2017,8,662306.83,710130.0247688983
48,11002057,2017,9,690951.48,709405.2042265311
49,11002057,2018,8,645606.56,677613.2092560213
50,11002065,2017,8,448920.07,523087.1975192055
51,11002065,2017,9,481783.73,457250.4985488914
52,11002065,2018,8,501197.18,502782.92323685996
53,11002067,2017,8,1432241.52,1368550.4297120776
54,11002067,2017,9,1586177.7,1358369.7216587346
55,11002068,2017,8,647249.21,751104.7495945059
56,11002068,2017,9,630988.5,645482.2130001374
57,11002076,2017,8,397728.46,413513.2772033848
58,11002076,2017,9,390676.78,393106.70721858926
59,11002076,2018,8,472406.68,478872.2783038877
60,11002077,2017,9,349280.43,351695.2778583877
61,11002077,2018,8,298247.2,340606.0885146428
62,11002078,2017,8,351914.53,415138.41671318375
63,11002078,2017,9,381720.11,378575.80034242757
64,11002078,2018,8,380307.16,394146.01777537353
65,11002081,2017,8,320953.47,281402.84432467446
66,11002081,2017,9,319723.13,312134.49150126986
67,11002086,2017,8,399928.87,411621.9301278554
68,11002086,2017,9,510224.88,414080.5746943299
69,11002086,2018,8,555826.69,545158.9463223163
70,11002087,2017,8,630253.07,705070.4000369664
71,11002087,2017,9,650233.49,590401.3531345818
72,11002088,2017,8,745274.6,719557.2623309344
73,11002088,2017,9,676877.89,675056.0835720189
74,11002088,2018,8,611562.95,676253.9461436402
75,11002089,2017,8,196260.79,223197.08978699334
76,11002089,2017,9,223956.53,206463.14754675888
77,11002089,2018,8,217060.13,220870.05049984716
78,11002091,2017,9,539043.88,561136.3575492632
79,11002091,2018,8,445340.6,511692.8165424373
80,11002092,2017,8,391527.69,451095.6463498976
81,11002092,2017,9,467206.62,424486.20495331846
82,11002093,2017,8,148418.58,145715.46975664422
83,11002093,2017,9,166262.94,177472.93858928978
84,11002093,2018,8,190254.54,182371.9039739538
85,11002094,2017,8,348014.52,419143.2049567867
86,11002094,2017,9,343351.99,356535.6258386392
87,11002094,2018,8,443892.17,463255.50316098146
88,11002095,2017,8,794825.24,740632.978195712
89,11002095,2017,9,730146.45,748842.5680135321
90,11002095,2018,8,789404.74,797977.0306014791
91,11002096,2017,8,976842.18,1000986.4836675879
92,11002096,2017,9,926710.5,959194.7453898136
93,11002096,2018,8,1089492.17,1034530.2549782488
94,11002098,2018,8,787574.19,808247.6258264054
95,11002099,2017,8,610776.93,659900.6601610724
96,11002099,2017,9,626103.68,580953.4588602595
97,11002101,2017,8,486984.17,537524.6932791583
98,11002101,2017,9,467748.55,461677.15544168465
99,11002101,2018,8,549460.85,526093.2650188692
100,11002102,2017,8,493119.97,531524.3096242808
101,11002102,2017,9,506739.89,490523.1583776418
102,11002102,2018,8,583530.05,562200.969193032
103,11002105,2017,8,156874.93,160765.07777460478
104,11002105,2017,9,165160.9,172024.7978549227
105,11002105,2018,8,206122.73,216264.59206143767
106,11002106,2017,8,308976.61,347245.308235066
107,11002106,2017,9,360023.58,307999.8972344417
108,11002106,2018,8,340330.76,329816.2942018602
109,11002108,2017,8,513797.86,612178.9953921903
110,11002108,2017,9,578785.41,497360.05387111567
111,11002110,2017,8,372299.43,441263.2741482165
112,11002110,2017,9,434340.09,375652.00725807436
113,11002110,2018,8,416535.11,415772.7526126858
114,11002111,2017,8,495644.53,534665.6378808767
115,11002111,2017,9,503129.0,478483.0077576637
116,11002111,2018,8,532056.3,588599.5838221349
117,11002112,2017,8,287645.62,319699.1351281237
118,11002112,2017,9,283622.12,309339.91783548146
119,11002112,2018,8,294817.53,302384.8429525066
120,11002113,2017,8,831822.32,823638.2537504211
121,11002113,2017,9,777346.88,740044.0469643269
122,11002113,2018,8,911036.31,905333.7401402183
123,11002115,2017,8,582317.68,601642.8993062675
124,11002115,2017,9,535030.09,549233.3802578878
125,11002115,2018,8,554945.42,513272.3824052904
126,11002117,2018,8,560850.37,520731.0782290045
127,11002118,2017,8,349680.01,373213.4539542794
128,11002118,2017,9,427908.82,378172.1410932075
129,11002118,2018,8,360560.32,386567.299824629
130,11002119,2017,8,462663.99,477945.6956540905
131,11002119,2017,9,430813.16,432471.44334115274
132,11002119,2018,8,343578.74,359361.1371422764
133,11002120,2017,8,263888.5,245723.80194295011
134,11002120,2017,9,240956.87,268605.22533594444
135,11002122,2017,8,394711.69,411270.4061939437
136,11002122,2017,9,492155.55,410986.8183446415
137,11002122,2018,8,553874.42,437102.12637330405
138,11002124,2017,8,724180.45,738273.2611679211
139,11002124,2017,9,801313.25,647693.2005995438
140,11002124,2018,8,736821.62,812301.0325287841
141,11002125,2017,8,700432.94,756647.0772919003
142,11002125,2017,9,697216.86,646688.0659786817
143,11002125,2018,8,914928.88,866908.5100846924
144,11002126,2017,8,680160.47,725784.5619995352
145,11002126,2017,9,747278.1,645091.1064011622
146,11002126,2018,8,779950.05,775483.7197715081
147,11002127,2017,8,333443.79,364176.52193148993
148,11002127,2017,9,334459.73,325298.4640439246
149,11002128,2017,8,216699.34,286080.4519299064
150,11002128,2017,9,275787.3,237140.97100676596
151,11002128,2018,8,232780.54,208105.5199067369
152,11002130,2017,8,651387.68,642956.0941820126
153,11002130,2017,9,659170.26,608808.2910619844
154,11002130,2018,8,703098.73,753967.1806459147
155,11002131,2017,8,479616.26,536177.4052026849
156,11002131,2017,9,516563.3,474672.6873280201
157,11002131,2018,8,550582.83,589531.507496139
158,11002132,2018,8,720596.76,671204.8010313436
159,11002133,2017,8,258936.07,283700.68033230864
160,11002133,2017,9,265741.63,270381.85976997577
161,11002133,2018,8,243770.77,254250.73563642427
162,11002134,2017,8,332262.5,378041.75110947527
163,11002134,2017,9,370356.83,354148.75821590424
164,11002134,2018,8,398173.55,418190.16408391297
165,11002135,2017,9,282003.29,243306.73464636877
166,11002135,2018,8,313176.53,346037.84926764853
167,11002136,2018,8,1453228.07,1380930.4037631229
168,11002138,2017,9,205407.22,250788.603076946
169,11002138,2018,8,187777.14,167660.93028545007
170,11002139,2018,8,357370.84,366332.01202345453
171,11002140,2018,8,372275.98,370494.8159152735
172,11002141,2018,8,363401.96,375979.2000264488
173,11002142,2018,8,367929.13,377107.7144186627
174,11002143,2018,8,389135.26,398425.95464066975
175,11002144,2018,8,181471.15,213969.24977632612
176,11002145,2018,8,208623.77,180106.77840806916
177,11002146,2018,8,433208.8,500604.98077069223
178,11002150,2018,8,482419.34,415734.74399339035
179,11002151,2018,8,351076.98,382565.3285989985
180,12002001,2017,8,239403.49,238733.42631279677
181,12002001,2017,9,253962.91,230805.1482407432
182,12002001,2018,8,350272.26,320161.61284664646
183,12002004,2017,8,232428.53,198573.56353052706
184,12002004,2017,9,263692.55,245868.9111527875
185,12002004,2018,8,229987.27,211308.6979714986
186,12002008,2017,9,239166.26,258855.7161066886
187,12002008,2018,8,246662.04,324546.65732898004
188,12002010,2017,8,239258.14,299812.42846713774
189,12002010,2017,9,267467.14,265312.7110063527
190,12002014,2017,8,820198.06,860041.8657057732
191,12002014,2017,9,772271.98,821587.6455991622
192,12002014,2018,8,770078.28,725658.5653407425
193,12002015,2017,8,331436.84,317214.31471309625
194,12002015,2018,8,320015.74,339389.7648185361
195,12002016,2017,8,791129.53,787939.2111645713
196,12002016,2017,9,829860.44,748276.2960596792
197,12002016,2018,8,747580.66,718324.2385057472
198,12002021,2018,8,354363.87,372865.3680274319
199,12002023,2017,8,227447.12,201629.38931610994
200,12002023,2017,9,296306.54,253208.09047058783
201,12002023,2018,8,207877.17,205177.75488216616
202,12002024,2017,8,461636.99,412154.31228735857
203,12002024,2017,9,555074.12,451854.99188266136
204,12002025,2017,8,409348.47,403829.4264641665
205,12002025,2017,9,434585.78,394865.0229939353
206,12002025,2018,8,125178.78,358487.03133171983
207,12002026,2017,8,263092.83,280923.60796648636
208,12002026,2017,9,240609.81,272308.5199733041
209,12002026,2018,8,330668.88,305859.89655534737
210,12002027,2018,8,486808.68,458912.1521259416
211,12002028,2017,8,490135.97,483252.0941118412
212,12002028,2017,9,524728.03,490286.0000134669
213,12002028,2018,8,490253.36,498720.67282216065
214,12002029,2017,8,864951.81,782845.1378074754
215,12002029,2017,9,785308.36,797352.7964843437
216,12002029,2018,8,758520.09,747784.1030212063
217,12002031,2018,8,301316.45,275048.9285176359
218,12002032,2018,8,642583.8,640604.89069332
219,12012006,2017,8,425733.23,423477.3918433711
220,12012006,2017,9,426000.57,363083.65448434465
221,12012006,2018,8,483260.57,503294.553299021
222,12012014,2017,8,628958.51,620643.2291180976
223,12012014,2017,9,584611.55,565664.8289997447
224,12012014,2018,8,800841.65,791819.2785333674
225,12012015,2017,8,290677.73,330891.42327776924
226,12012015,2017,9,336064.75,291445.6162898075
227,12012017,2017,8,347514.33,369097.5533775296
228,12012017,2017,9,355136.05,305809.1262466386
229,12012017,2018,8,446062.89,469961.57410945185
230,12012019,2017,8,520126.05,511480.1577011999
231,12012019,2017,9,523460.39,459896.4323427025
232,12012019,2018,8,466863.78,500583.14883579314
233,12012022,2017,8,705267.33,719213.1670729164
234,12012022,2017,9,653512.29,607464.5203277636
235,12012022,2018,8,867641.88,796345.9975663554
236,12012023,2017,8,226357.83,217462.1890009381
237,12012023,2017,9,231564.6,193563.2369289901
238,12012023,2018,8,296000.45,265912.90602344833
239,12022002,2017,8,391283.7,410374.6564380042
240,12022002,2017,9,426327.29,408453.5551361479
241,12022002,2018,8,440804.06,442851.5430373978
242,12022007,2017,8,242520.23,200060.91379192658
243,12022007,2017,9,221514.96,235262.47326953895
244,12022007,2018,8,249754.67,258104.31395534799
245,12022008,2017,8,485610.9,523248.27858382463
246,12022008,2017,9,481224.01,477366.08851510845
247,12022008,2018,8,462678.77,481968.4650126081
248,12022010,2017,8,311866.65,293962.96981888637
249,12022010,2017,9,301559.16,304511.03556417115
250,12022010,2018,8,387665.93,409644.06119244173
251,12022011,2017,8,391824.62,420957.95318013616
252,12022011,2017,9,395437.15,377213.35891738907
253,12022011,2018,8,396070.62,426065.523337096
254,12022012,2017,8,184963.34,166351.04997257516
255,12022012,2017,9,181190.23,177788.11816185154
256,12022012,2018,8,228091.31,246645.2786406055
257,12072002,2017,8,311440.36,298553.15205678344
258,12072002,2017,9,308235.73,323579.717641877
259,12072002,2018,8,312287.64,345465.51267428324
260,12072005,2017,8,589575.56,570766.5491102859
261,12072005,2017,9,557057.32,526236.0754051711
262,12072005,2018,8,689906.58,607191.8237162288
263,12072006,2017,8,453708.95,456758.48339981027
264,12072006,2017,9,418454.65,419031.6788631249
265,12072006,2018,8,491779.73,522269.2600354701
266,12072007,2017,8,280679.52,254985.21359893307
267,12072007,2017,9,260141.26,261444.07690060325
268,12072007,2018,8,322258.56,309730.80352472514
269,13002001,2017,8,186012.49,181724.4113818407
270,13002001,2017,9,194138.6,155204.48638449796
271,13002001,2018,8,195208.27,211264.61164388247
272,13002003,2017,8,639819.69,530315.6258023661
273,13002003,2017,9,702128.37,613961.4588035513
274,13002003,2018,8,650519.87,630825.8474572282
275,13002008,2017,8,204623.17,202130.89172194712
276,13002008,2017,9,231198.13,185220.98792723753
277,13002008,2018,8,149498.59,163198.65476893634
278,13002015,2017,8,246164.31,250368.6757716108
279,13002015,2017,9,258835.0,268412.6780710593
280,13002015,2018,8,329597.12,297002.2401427403
281,13002018,2017,8,363352.47,421486.4199169576
282,13002018,2017,9,357239.11,336849.2894257419
283,13002018,2018,8,354998.88,394431.1296500247
284,13002019,2017,8,213993.02,229345.02273029834
285,13002019,2017,9,187326.91,211274.88871155307
286,13002019,2018,8,220050.14,230561.8689325601
287,13002021,2017,8,452193.39,475544.7043099664
288,13002021,2017,9,480912.22,402668.30762362294
289,13002021,2018,8,500196.23,523262.30064855516
290,13002022,2017,8,350176.5,333419.65376687236
291,13002022,2017,9,402763.91,289769.48016915657
292,13002022,2018,8,458077.08,468039.4888438452
293,13002023,2017,8,658100.59,677270.5744759608
294,13002023,2017,9,621480.98,586355.4562883023
295,13002023,2018,8,874683.64,796702.9575127121
296,13002029,2017,9,102543.42,90019.47420822084
297,13002029,2018,8,96886.54,115737.56099724211
298,13002030,2017,8,324001.8,361550.77004843205
299,13002030,2017,9,318006.02,248768.54003977217
300,13002030,2018,8,366149.13,376506.4167951606
301,13002032,2018,8,751051.89,729415.1123792715
302,13002034,2018,8,501291.07,461199.21578882635
303,13012003,2017,8,713484.19,836697.9939300101
304,13012003,2017,9,660236.47,678947.9729098435
305,13012003,2018,8,827288.17,731364.0716189258
306,13012004,2017,8,297991.3,339955.40253920853
307,13012004,2017,9,284377.9,293465.0494450964
308,13012004,2018,8,339551.86,326674.0788696166
309,13012009,2017,8,286307.24,341681.2152818013
310,13012009,2017,9,300396.54,290428.21895702556
311,13012009,2018,8,377018.05,356767.4201909676
312,13012013,2017,8,388626.15,424547.22645306215
313,13012013,2017,9,354404.8,368518.63739655726
314,13012013,2018,8,567506.32,488494.5828910228
315,13012017,2017,8,146332.82,156754.29429182597
316,13012017,2017,9,155580.13,159440.09701186046
317,13012017,2018,8,139943.33,143890.43149382249
318,13012019,2017,8,357545.86,372543.4745987635
319,13012019,2017,9,396923.63,363009.73329828493
320,13012019,2018,8,382346.68,366392.93361797184
321,14002001,2017,8,578022.78,582350.8915202469
322,14002001,2017,9,583128.24,545832.3044297118
323,14002001,2018,8,607025.43,571256.2486476339
324,14002003,2017,8,147595.96,117959.8454598654
325,14002003,2017,9,154162.3,152944.26687995344
326,14002003,2018,8,133280.06,143078.6424625907
327,14002012,2017,8,485605.32,405141.2271357719
328,14002012,2017,9,412959.75,416002.8497603256
329,14002016,2017,8,236214.32,218334.46228837222
330,14002016,2017,9,223582.55,226000.50845779292
331,14002016,2018,8,255119.56,272819.0950712841
332,14002018,2017,8,247409.62,257571.5786727015
333,14002018,2017,9,265367.21,241338.3240501266
334,14002018,2018,8,303008.94,300380.3440105617
335,14002021,2017,8,264342.52,240227.9476420451
336,14002021,2017,9,283749.31,264220.1984827556
337,14002022,2018,8,332046.72,337293.22415935807
338,14002023,2017,8,152032.85,136008.25902472995
339,14002023,2017,9,135345.76,151506.28252647445
340,14002024,2017,8,515209.46,500944.22734473646
341,14002024,2017,9,658659.43,518656.16405471787
342,14002024,2018,8,709393.69,609730.7129126936
343,14002028,2017,8,552325.17,520335.8084804211
344,14002028,2017,9,558427.57,537596.1838522628
345,14002028,2018,8,661537.16,627537.3635095712
346,14002030,2018,8,192392.6,209659.2274074424
347,20002002,2017,8,1033373.31,834375.1166370548
348,20002002,2017,9,1032052.65,950975.6267057844
349,20002002,2018,8,1051476.17,1112740.3780862335
350,20002003,2017,9,270891.31,268523.0868186932
351,20002012,2017,8,957657.0,879724.529458385
352,20002012,2017,9,1133937.73,984328.495401416
353,20002012,2018,8,1012678.33,1021957.3263066988
354,20002015,2018,8,519922.75,547199.153496312
355,20002017,2017,8,476673.37,435747.89604280144
356,20002017,2017,9,446305.37,450745.00122713856
357,20002017,2018,8,410931.25,477475.4182390068
358,20002018,2017,8,621883.16,599664.148179723
359,20002018,2017,9,734350.64,633496.8827595152
360,20002018,2018,8,640209.12,701817.1010469347
361,20002020,2017,8,659594.78,622371.680189807
362,20002020,2017,9,644914.8,660145.4806453176
363,20002020,2018,8,728111.63,733477.1953291781
364,20002021,2017,8,333618.37,280574.90986443684
365,20002021,2017,9,371654.97,344304.6807482336
366,20002024,2017,8,456176.68,396027.05283515714
367,20002024,2017,9,464892.16,432694.2011185568
368,20002024,2018,8,459345.48,469083.6654386539
369,20002036,2017,8,336598.06,283704.24411150254
370,20002036,2017,9,301391.04,295743.100639591
371,20002036,2018,8,350464.75,341074.7672988791
372,20002038,2017,8,239859.92,249653.6906497255
373,20002038,2017,9,237132.0,211585.0201603882
374,20002042,2017,8,312702.66,302200.0534690581
375,20002042,2017,9,288162.98,293432.64881808124
376,20002042,2018,8,275156.91,313747.3721034471
377,20002044,2017,8,244998.41,220023.93704331666
378,20002044,2017,9,269301.56,235514.46127545275
379,20002044,2018,8,278779.14,315129.3309732005
380,20002051,2017,8,354374.1,364323.7436025813
381,20002051,2017,9,385152.26,357752.77254547365
382,20002051,2018,8,388275.31,402108.23836472817
383,20002055,2017,8,430366.73,483134.2293371167
384,20002055,2017,9,480266.48,472879.2482016124
385,20002055,2018,8,469125.16,513745.95107271336
386,20002056,2017,8,445968.49,424566.30503692664
387,20002056,2017,9,413896.83,471496.5423672497
388,20002056,2018,8,416873.21,406856.59058234654
389,20002057,2017,8,413533.82,393691.790273495
390,20002057,2017,9,368389.53,409437.575225221
391,20002059,2017,8,1192683.39,1070607.7619589604
392,20002059,2017,9,1152324.08,1017443.0814230852
393,20002059,2018,8,1071444.0,1118270.870456785
394,20002062,2017,8,441622.33,430403.9137679208
395,20002062,2017,9,460231.71,423952.74084345065
396,20002062,2018,8,465048.74,257960.94813991152
397,20002066,2017,8,888976.85,891106.0869943649
398,20002066,2017,9,839994.78,846410.134163266
399,20002066,2018,8,879824.46,937066.0103449356
400,20002069,2017,8,809808.49,749625.6244093645
401,20002069,2017,9,939793.2,795059.6193972453
402,20002069,2018,8,874915.44,957034.5237877145
403,20002071,2017,8,600465.48,520674.21229959093
404,20002071,2017,9,580426.97,523980.762527287
405,20002071,2018,8,681904.54,655500.888641905
406,20002072,2017,8,207138.79,209191.71453813836
407,20002072,2017,9,187779.03,210641.5545614306
408,20002072,2018,8,197270.84,219892.25435218215
409,20002073,2017,8,550237.56,518240.58598243445
410,20002073,2017,9,538553.01,526209.731026439
411,20002073,2018,8,614011.79,653421.9095631596
412,20002074,2017,8,483758.61,451768.3885359671
413,20002074,2017,9,430889.53,467946.3957387563
414,20002074,2018,8,513903.32,498942.7585664969
415,20002075,2017,8,371818.15,377735.19963410124
416,20002075,2017,9,415296.21,338646.12232480757
417,20002075,2018,8,462086.78,503533.14244090766
418,20002076,2018,8,400368.4,431374.35129532963
419,20002081,2017,8,346097.02,319304.633736806
420,20002081,2017,9,345620.43,334067.9202676192
421,20002081,2018,8,360940.47,387940.40272064693
422,20002083,2017,8,683317.92,734831.1991516482
423,20002083,2017,9,729875.5,663503.5716079436
424,20002083,2018,8,701539.02,727944.6045255437
425,20002084,2017,8,432802.72,474227.94733092375
426,20002084,2017,9,505611.82,443358.9725577198
427,20002084,2018,8,516816.47,597998.5144105013
428,20002086,2017,8,389794.83,417230.5672114827
429,20002086,2017,9,355297.19,376419.8981186319
430,20002086,2018,8,382741.49,410965.0090791937
431,20002087,2017,8,556904.08,528821.4357756209
432,20002087,2017,9,533061.5,485027.5212340001
433,20002087,2018,8,521136.27,578751.8864206858
434,20002088,2017,9,485278.32,504037.08424226195
435,20002088,2018,8,548354.37,573152.2846674845
436,20002090,2018,8,460157.87,463888.05614434555
437,20002091,2017,8,482256.57,417916.47695932724
438,20002091,2017,9,484908.68,448808.195061855
439,20002091,2018,8,439949.49,492870.80652158335
440,20002092,2017,8,364021.97,363140.9870492872
441,20002092,2017,9,358162.87,362776.769208258
442,20002092,2018,8,454792.22,465409.3644174766
443,20002096,2018,8,958473.6,1020065.541843161
444,20002097,2018,8,576052.76,607865.2646590639
445,20002098,2018,8,413097.65,412750.3773293458
446,20002099,2018,8,372819.03,375868.85667868704
447,20002100,2018,8,748906.07,824584.9856559858
448,20002102,2018,8,311097.28,342568.7622222062
449,20002103,2018,8,372313.8,415036.5507961903
450,20002105,2018,8,572023.96,674482.034025155
451,20002106,2018,8,601794.69,629397.3942989185
452,20002108,2018,8,183530.32,163261.43075088412
453,20002109,2018,8,260617.44,286669.7713093534
454,21002002,2017,8,254201.18,258639.8643150665
455,21002002,2017,9,233339.92,227164.35159802623
456,21002004,2017,8,764839.09,724970.2484366428
457,21002004,2017,9,632201.22,664511.0192972217
458,21002004,2018,8,632530.93,712090.5414721146
459,21002005,2017,8,349173.79,341242.2488204669
460,21002005,2017,9,325192.81,291439.7540400848
461,21002005,2018,8,332548.55,380808.9430424031
462,21002007,2017,8,315396.8,283427.99276655726
463,21002007,2017,9,306163.03,301386.6521900613
464,21002009,2017,8,410088.52,454881.6635152362
465,21002009,2017,9,344818.73,372813.71377896145
466,21002009,2018,8,402847.87,422057.7479412537
467,21002014,2017,8,130221.42,120296.42071502656
468,21002014,2017,9,116132.11,162976.9241195321
469,21002016,2017,8,492955.26,483911.77179298364
470,21002016,2017,9,450095.6,475299.4387835115
471,21002017,2017,8,809184.96,909339.8861640897
472,21002017,2017,9,732802.36,764540.9306526501
473,21002020,2017,8,376056.46,405815.5519965086
474,21002020,2017,9,308765.96,336366.23433706164
475,21002021,2017,8,297669.22,320715.64833272435
476,21002021,2017,9,264932.88,282800.08097719774
477,21002021,2018,8,304330.86,342756.7553276811
478,21002022,2017,8,360421.34,373821.2836501207
479,21002022,2017,9,366639.36,348512.5931884032
480,21002022,2018,8,383344.22,395139.48611243255
481,21002023,2017,8,265961.98,280071.9188818
482,21002023,2017,9,264821.87,277780.5350079369
483,21002023,2018,8,268674.96,370365.92311816476
484,21002026,2017,8,241064.89,252892.6144052297
485,21002026,2017,9,210201.58,256302.37271870114
486,21002027,2017,8,303237.15,312056.35498308577
487,21002027,2017,9,280715.07,321390.1147293411
488,21002027,2018,8,300948.13,364919.82288763113
489,21002028,2017,8,313774.06,292093.31608968414
490,21002028,2017,9,288410.2,287256.0936529394
491,21002028,2018,8,314118.13,318152.3813363891
492,21002032,2017,8,650023.08,615012.5270991866
493,21002032,2017,9,524110.2,561571.877006596
494,21002032,2018,8,455205.5,473591.02306449786
495,21002034,2017,8,311037.75,243131.04379584454
496,21002034,2017,9,313368.83,282843.8902038764
497,21002034,2018,8,221438.66,220670.67065940052
498,21002040,2018,8,452995.39,417729.03603972495
499,22012001,2017,8,288152.45,309281.8260517288
500,22012001,2017,9,251260.6,273000.7936005462
501,22012001,2018,8,269210.11,271927.7287129406
502,22012006,2017,8,195389.27,206339.544650482
503,22012006,2017,9,159612.59,170696.0061484594
504,22012006,2018,8,143063.91,202082.323342707
505,22012008,2017,8,224728.63,242139.96628784016
506,22012008,2017,9,189424.15,195113.81363548525
507,22012008,2018,8,185245.16,220009.10274376534
508,22012009,2017,8,753399.42,771611.1662364379
509,22012009,2017,9,651262.63,667937.462907454
510,22012009,2018,8,992491.4,972300.5774033703
511,22012011,2017,8,140213.1,178326.91069024242
512,22012011,2017,9,127991.69,128861.07337190583
513,22012012,2017,8,224818.66,260366.13740004785
514,22012012,2017,9,192039.15,199757.90600118786
515,22012012,2018,8,248204.33,272425.371079335
516,22012013,2017,8,396326.85,377833.32657422125
517,22012013,2017,9,318414.1,341148.09526800923
518,22012013,2018,8,646740.55,611732.8457275108
519,22012016,2017,8,182837.93,198228.18486083485
520,22012016,2017,9,178624.88,175596.49083272927
521,22012016,2018,8,190746.54,246315.97569014132
522,22012017,2017,8,181673.73,168908.38817889616
523,22012017,2017,9,123341.63,155633.38499134965
524,22012017,2018,8,193802.52,201892.25828763098
525,22012018,2017,8,837106.22,903007.5212765485
526,22012018,2017,9,643968.07,645493.7420808394
527,22012018,2018,8,911535.82,929887.452288093
528,22052002,2017,8,385634.97,360794.93207097985
529,22052002,2017,9,292476.22,333162.28083927743
530,22052007,2017,8,276593.51,269276.3955946937
531,22052007,2017,9,217882.75,249520.96061253734
532,22052015,2017,8,399881.61,375893.28957812674
533,22052015,2017,9,333800.31,324361.62469226494
534,22052015,2018,8,378805.31,394751.5512414146
535,22052018,2018,8,757197.96,808258.0630156714
536,22062001,2017,8,182860.83,174960.86839764006
537,22062001,2017,9,144954.81,138121.59383621812
538,22062001,2018,8,199900.35,216723.59069250152
539,22062003,2017,8,391800.83,406018.50148726255
540,22062003,2017,9,304390.23,327694.2221622411
541,22062003,2018,8,421825.31,415264.36563777365
542,23002002,2017,8,707989.2,686552.2718898337
543,23002002,2017,9,613510.44,581498.3820343465
544,23002002,2018,8,683781.52,715481.7634585239
545,23002003,2017,8,686920.67,595921.5847780835
546,23002003,2017,9,500970.5,606537.6989572681
547,23002004,2017,8,560036.11,598495.4590545539
548,23002004,2017,9,467234.16,506964.91937948763
549,23002004,2018,8,492851.68,495051.14003713615
550,23002007,2017,8,253110.17,199629.2942705769
551,23002007,2017,9,193692.6,213903.94168183208
552,23002007,2018,8,238868.83,308278.44710110873
553,23002008,2017,8,563053.82,552126.6449747067
554,23002008,2017,9,496865.47,521816.73473398015
555,23002008,2018,8,495812.13,554564.4063769244
556,23012002,2017,8,323557.75,280034.09355328605
557,23012002,2017,9,244931.11,283938.090699384
558,23012002,2018,8,273876.8,323683.8255695775
559,23012003,2017,8,311836.76,273890.1859314237
560,23012003,2017,9,196464.67,263963.0936030671
561,23012003,2018,8,304385.83,340712.2426303718
562,24002003,2017,8,446349.94,430089.09869411215
563,24002003,2017,9,299317.58,401433.1390752401
564,24002004,2017,8,559187.92,605870.6958406065
565,24002004,2017,9,511948.07,488500.5811920613
566,24002004,2018,8,632809.2,627153.1983213089
567,24002006,2017,9,526912.9,558545.0687426943
568,24002007,2017,8,146682.17,110179.51663730294
569,24002007,2017,9,116923.88,124182.66700031236
570,24002007,2018,8,113137.01,130976.29251721129
571,24002008,2017,8,300353.68,282405.7806122508
572,24002008,2017,9,260214.06,256143.167157026
573,24002008,2018,8,353953.8,338449.778960187
574,24002009,2017,8,437734.84,439178.6263438631
575,24002009,2017,9,317010.28,364492.3940631803
576,24002009,2018,8,391020.21,474722.4569938518
577,24002010,2018,8,548057.38,624639.600597715
578,24002011,2017,8,211336.26,241576.5729113277
579,24002011,2017,9,217748.38,207974.18239096552
580,24002011,2018,8,240954.38,243524.57319669612
581,24002013,2017,8,304960.28,306852.8858768027
582,24002013,2017,9,260206.1,277123.1335220523
583,24002013,2018,8,347450.28,351346.4532412272
584,24002015,2017,8,192676.57,172661.25253342465
585,24002015,2017,9,174321.25,173542.41332685575
586,24002015,2018,8,189410.45,202300.44691525027
587,24002017,2017,9,227943.29,180845.7498907391
588,24002019,2018,8,474929.55,526026.7355767116
589,30002004,2017,8,218065.62,193380.06169348024
590,30002004,2017,9,203591.98,234081.55185148865
591,30002004,2018,8,266822.34,282940.02005779743
592,30002005,2017,8,980128.19,990794.1598137617
593,30002005,2017,9,956150.42,993657.4410511926
594,30002005,2018,8,975640.62,1002873.067996934
595,30002007,2017,8,295972.57,280991.3005687911
596,30002007,2017,9,240864.94,288349.4725628961
597,30002007,2018,8,297120.11,321841.217813015
598,30002008,2017,8,241835.15,283818.28486020863
599,30002008,2017,9,208003.64,247390.77173282206
600,30002008,2018,8,364675.66,353843.17054294795
601,30002011,2017,8,219878.17,175276.32341561466
602,30002011,2017,9,169698.07,219519.97321621142
603,30002014,2017,8,301169.14,254022.0502843298
604,30002014,2017,9,278819.68,318396.45396254025
605,30002014,2018,8,292917.56,340348.141598152
606,30002018,2017,8,238175.91,159472.9866714459
607,30002018,2017,9,213823.39,253415.2865848001
608,30002018,2018,8,157227.5,181493.58837017603
609,30002024,2017,8,131483.27,99360.08326700702
610,30002024,2017,9,128652.79,147245.6921186
611,30002024,2018,8,136475.32,163013.1692187693
612,30002028,2017,8,142853.52,68130.8049401883
613,30002028,2017,9,109497.94,135573.77333481237
614,30002037,2018,8,656429.44,670433.3670944888
615,30002038,2018,8,196481.54,185244.09077441506
616,30002039,2018,8,171393.87,178934.21842169575
617,30012003,2017,8,1031979.0,1274458.8615549635
618,30012003,2017,9,1072163.2,974954.6829682551
619,30012003,2018,8,1013532.5,1098083.0228091571
620,30012004,2017,8,309039.59,267066.5832549352
621,30012004,2017,9,219865.41,263932.8671455905
622,30012004,2018,8,229019.94,266966.7386096809
623,30012012,2017,8,256941.78,214600.07497244887
624,30012012,2017,9,239929.63,208414.39151285216
625,30012012,2018,8,325125.78,345310.7476509623
626,30012014,2017,8,159586.07,94714.94982859306
627,30012014,2017,9,141818.82,130033.66373336315
628,30012014,2018,8,110310.2,148792.90510456078
629,30012016,2017,8,276306.76,254546.1692779977
630,30012016,2017,9,229945.49,212359.93590532057
631,30012016,2018,8,270000.68,305346.6329236943
632,31002006,2017,8,215567.07,197667.92177984118
633,31002006,2017,9,199571.47,254312.7144045066
634,31002014,2017,8,572923.67,584584.1458665207
635,31002014,2017,9,547157.72,515056.77521132864
636,31002014,2018,8,533959.77,559124.5121148769
637,31002018,2017,8,380357.96,381101.681008406
638,31002018,2017,9,409805.25,401758.4752038233
639,31002018,2018,8,333079.23,366910.0820763763
640,31002019,2017,8,324000.51,269705.1800731532
641,31002019,2017,9,311580.97,309918.6421463955
642,31002019,2018,8,349371.76,407786.9224456996
643,31002022,2017,9,315624.61,316031.31749437563
644,31002022,2018,8,349639.82,450446.6171756014
645,31002026,2018,8,273625.85,315278.2230266575
646,32002001,2017,8,200937.09,215956.19806313515
647,32002001,2017,9,195351.58,197273.04760571383
648,32002002,2017,8,593951.93,606563.6242427863
649,32002002,2017,9,569758.68,540787.9299493134
650,32002003,2017,8,352696.03,293391.1889990028
651,32002003,2017,9,319520.31,279763.33829413727
652,32002003,2018,8,263483.36,269001.35507361405
653,32002004,2017,8,623007.23,603582.1739121731
654,32002004,2017,9,572756.82,550071.1476589851
655,32002004,2018,8,488374.5,521851.1240115687
656,32002007,2017,8,634184.64,645984.2810927648
657,32002007,2017,9,616736.22,595172.4384883624
658,32002007,2018,8,427140.64,559542.1237394679
659,32002008,2017,8,768482.03,658974.1550320629
660,32002008,2017,9,784108.63,732540.0706385691
661,32002013,2017,8,157241.07,154785.80029777996
662,32002013,2017,9,153085.36,157602.58107115328
663,32002013,2018,8,153372.88,228285.39630713314
664,32002014,2017,8,442911.87,438524.9465109911
665,32002014,2017,9,391905.84,411539.44586441293
666,32002014,2018,8,380368.12,407137.9886674639
667,32002020,2017,8,439550.37,486641.89032566734
668,32002020,2017,9,441952.77,369353.41508016735
669,32002020,2018,8,455385.92,494976.4089255594
670,32002022,2018,8,226298.08,239053.5994873885
671,32002027,2018,8,455182.97,468614.0105560478
672,40002004,2017,8,423277.72,454481.10045355186
673,40002004,2017,9,410619.34,402990.394800758
674,40002006,2017,8,654006.91,698273.7351003774
675,40002006,2017,9,547558.29,570442.931913875
676,40002006,2018,8,848241.61,773998.7829584833
677,40002007,2017,8,715620.91,774245.0485793948
678,40002007,2017,9,756038.64,665726.8157392908
679,40002008,2017,8,528827.65,599220.9323763326
680,40002008,2017,9,440167.42,487363.1484141741
681,40002008,2018,8,760911.72,614425.5867816005
682,40002009,2017,8,912711.68,914837.1160057988
683,40002009,2017,9,665270.94,773549.1077086646
684,40002009,2018,8,1110942.74,974796.8676522467
685,40002010,2017,8,532976.64,534972.4130701348
686,40002010,2017,9,470526.36,504462.17968238704
687,40002010,2018,8,667884.81,556249.2419625185
688,40002013,2017,8,554974.81,518617.14162607864
689,40002013,2017,9,424087.19,472734.43019875325
690,40002015,2017,8,582918.56,668201.6410860326
691,40002015,2017,9,527789.16,569740.1098517869
692,40002016,2017,8,226593.75,240616.89760593884
693,40002016,2017,9,165373.01,223032.27180158347
694,40002016,2018,8,283154.85,250512.98059286363
695,40002018,2017,8,437037.79,508976.719057275
696,40002018,2017,9,345679.23,400655.8777365051
697,40002018,2018,8,580445.42,503785.4214802496
698,40002023,2017,8,424505.26,455612.93467397057
699,40002023,2017,9,295406.37,351267.4722184073
700,40002023,2018,8,519651.72,467264.2830917388
701,40002024,2017,8,906562.59,902357.407658536
702,40002024,2017,9,651824.58,748337.8030110504
703,40002025,2017,8,180048.99,210006.42216850072
704,40002025,2017,9,156007.05,157293.5890754033
705,40002025,2018,8,200117.57,191362.0707057733
706,40002029,2017,8,639455.57,660346.5132309794
707,40002029,2017,9,520976.68,557333.5276144259
708,40002029,2018,8,737653.82,665769.9213633854
709,40002032,2017,8,864635.88,961273.8895555735
710,40002032,2017,9,804276.04,845129.0062543899
711,40002032,2018,8,1256795.0,1079193.9558414146
712,40002033,2017,8,402618.7,428222.6928017158
713,40002033,2017,9,323508.06,362007.93654491566
714,40002033,2018,8,537636.0,529949.7420690525
715,40002034,2017,8,813903.74,864643.7772401739
716,40002034,2017,9,741086.43,764633.5457599033
717,40002034,2018,8,1116263.36,991074.5087826401
718,40002036,2017,8,496426.34,558327.6197951753
719,40002036,2017,9,407854.61,442468.30890404433
720,40002036,2018,8,594279.42,572460.9714429546
721,40002037,2017,8,269115.89,309056.64671385475
722,40002037,2017,9,222729.01,242994.42297660187
723,40002037,2018,8,349958.44,316994.51536072604
724,40002039,2017,8,551617.56,674834.2326338235
725,40002039,2017,9,456573.03,505003.1426372826
726,40002039,2018,8,788177.62,736031.3843122758
727,40002040,2017,8,465163.7,476130.1527184341
728,40002040,2017,9,332050.47,417770.3201091923
729,40002040,2018,8,588409.71,559627.6248394661
730,40002043,2017,8,356265.27,404033.91890317947
731,40002043,2017,9,281861.07,312557.55462222546
732,40002043,2018,8,489627.15,440327.4205950536
733,40002047,2017,8,324798.48,387560.72150164284
734,40002047,2017,9,261559.43,280983.13734134845
735,40002047,2018,8,508878.43,464085.80190934613
736,40002048,2017,8,540537.34,531125.6238078605
737,40002048,2018,8,824605.05,695995.3168658987
738,40002049,2017,8,851592.28,861262.7640904114
739,40002049,2017,9,802714.13,756220.7746166028
740,40002049,2018,8,1149022.14,1052459.7770219985
741,40002050,2017,8,450163.48,520329.1570579447
742,40002050,2017,9,403430.35,411176.5896945726
743,40002050,2018,8,688881.7,557150.2663267609
744,40002051,2018,8,381490.2,332299.756410541
745,40012003,2017,8,611594.91,625953.6068233773
746,40012003,2017,9,511471.05,519922.3275696188
747,40012003,2018,8,620928.58,639030.2281987015
748,40012005,2017,8,565669.53,608606.3234961871
749,40012005,2017,9,489214.26,510596.84119281545
750,40012005,2018,8,769808.66,671310.0944106411
751,40012007,2017,8,620692.42,725598.7828446683
752,40012007,2017,9,525192.96,559538.4563234225
753,40012007,2018,8,720022.85,650127.0583623573
754,40012009,2017,8,423079.32,488518.53134769946
755,40012009,2017,9,347123.67,362017.0503801573
756,40012011,2017,8,427010.11,451606.51667173766
757,40012011,2017,9,358310.89,376841.1686091088
758,40012014,2017,8,244509.62,247166.2311063558
759,40012014,2017,9,199039.7,197678.0008373838
760,40012014,2018,8,332120.96,257368.21674642153
761,40012015,2017,8,352688.44,391462.4996571094
762,40012015,2017,9,244942.76,308010.8931943141
763,40012015,2018,8,361112.87,290873.3406184036
764,40012016,2017,8,479954.36,526609.8064500894
765,40012016,2017,9,358038.53,417894.94052155875
766,40012016,2018,8,684734.8,565720.5005406402
767,40012017,2017,8,716087.97,752086.3948539216
768,40012017,2017,9,573271.62,636932.2518156786
769,40012019,2017,8,414154.54,435870.27978545986
770,40012019,2017,9,324499.25,336692.80819891207
771,40012019,2018,8,547178.5,442786.97742904536
772,40012020,2017,8,165057.27,167009.45433367416
773,40012020,2017,9,131985.01,141846.66373674944
774,40012020,2018,8,211236.8,158322.4861858394
775,40012021,2017,8,341238.97,343613.9605153315
776,40012021,2017,9,257843.92,281669.9980627373
777,40012021,2018,8,402734.0,361915.7928508129
778,40012023,2017,8,472915.45,538291.5244244486
779,40012023,2017,9,370513.85,414230.8902904354
780,40012023,2018,8,473370.49,399565.76294646226
781,40012026,2017,8,293845.91,375358.6454281304
782,40012026,2017,9,265840.69,271112.92044770904
783,40012026,2018,8,390898.92,310302.1110855751
784,40012029,2017,8,355700.58,339346.7231123876
785,40012029,2017,9,263326.86,296845.8673566431
786,40012030,2017,8,513701.45,498551.4821685869
787,40012030,2017,9,373421.5,419686.5201233383
788,40012030,2018,8,636062.29,501276.186571924
789,40012032,2017,8,233991.9,274969.35855633207
790,40012032,2017,9,176626.19,201437.47005249746
791,40012032,2018,8,315031.07,260002.79924560152
792,40012033,2017,8,789948.57,929984.163702622
793,40012033,2017,9,703452.06,710492.6890997216
794,40012033,2018,8,1033451.86,848470.007136412
795,40012035,2017,8,396771.83,360806.870875217
796,40012035,2017,9,255789.63,326090.2331477944
797,40012035,2018,8,472347.85,391084.04371250793
798,40012036,2017,8,418158.67,395508.24649731815
799,40012036,2017,9,314698.68,358433.8188355379
800,40012040,2017,8,276532.49,287893.1889125202
801,40012040,2017,9,224567.21,256312.5684997905
802,40012040,2018,8,381526.07,335134.10803293437
803,40012041,2017,8,633942.96,629611.8340581935
804,40012041,2017,9,458124.88,528394.5853249934
805,40012041,2018,8,1000182.69,744912.365684012
806,40012042,2017,8,696191.64,710340.7304401211
807,40012042,2017,9,596618.32,614269.495594034
808,40012042,2018,8,751462.29,689391.6206217818
809,40012043,2017,8,561272.99,685188.394614093
810,40012043,2017,9,493887.93,503139.53413082287
811,40012043,2018,8,721941.9,619550.9103308842
812,40012044,2018,8,368235.95,340499.8019757308
813,40012046,2017,8,154746.25,151562.36995257623
814,40012046,2017,9,114210.13,129570.25397038832
815,40012046,2018,8,244935.07,204690.39100118913
816,40012047,2017,8,254522.23,275945.2863676846
817,40012047,2017,9,196848.03,233392.1718400512
818,40012048,2017,8,152582.03,146098.66075448878
819,40012048,2017,9,116539.25,127309.06724706665
820,40012050,2017,8,305307.22,295642.5917549096
821,40012050,2017,9,202097.38,248424.36018842086
822,40012050,2018,8,380207.79,337773.79204926454
823,40012052,2017,8,366980.58,360683.93098734505
824,40012052,2017,9,253067.64,297648.83122096956
825,40012054,2017,8,127873.75,134858.28366893344
826,40012054,2017,9,100091.81,118865.55048868433
827,40012054,2018,8,167178.54,127588.13935364969
828,40012057,2017,8,602341.46,661526.7621035594
829,40012057,2017,9,515834.68,512088.05450853705
830,40012057,2018,8,841795.71,654055.1051063761
831,40012058,2017,8,189439.8,186680.2840711251
832,40012058,2017,9,105479.73,159045.95399851538
833,40012058,2018,8,266251.38,223208.61366420612
834,40012059,2017,8,85046.32,92785.80590412207
835,40012059,2017,9,81227.67,70138.3869039733
836,40012059,2018,8,123787.98,101008.23482944816
837,40012060,2017,8,259431.33,246938.29114672914
838,40012060,2017,9,185997.96,217099.60123798996
839,40012060,2018,8,374614.05,313497.7261563521
840,40012061,2018,8,394034.4,333703.8093935009
841,40012062,2018,8,195780.63,180056.3249861151
842,40012064,2018,8,491008.19,457704.76015933417
843,40012065,2018,8,258797.47,189535.5101910215
844,40012066,2018,8,555297.02,475815.8118182253
845,40012071,2018,8,346543.62,304694.5614028536
846,40022002,2017,8,419124.02,419064.4229390025
847,40022002,2017,9,307515.95,354999.335318245
848,40022003,2017,8,381229.36,401354.3343540747
849,40022003,2017,9,283230.71,338268.7543229293
850,40022003,2018,8,451042.23,421384.79095626436
851,40022005,2017,8,636984.67,638092.0663525201
852,40022005,2017,9,430677.68,540408.4695801549
853,40022010,2017,8,441483.95,439910.92980622686
854,40022010,2017,9,361984.19,370468.5241939053
855,40022010,2018,8,612660.87,527043.5235364474
856,40022011,2017,8,440052.64,456686.1417743154
857,40022011,2017,9,353582.69,360219.61174485274
858,40022011,2018,8,511924.55,466297.6194381155
859,40022012,2017,8,389106.2,417763.93576711044
860,40022012,2017,9,292108.28,338049.03020182997
861,40022012,2018,8,464498.46,434368.7915773336
862,40022015,2017,8,171526.15,166025.0298746191
863,40022015,2017,9,124616.55,145696.32504692487
864,40022015,2018,8,193175.21,173650.70545709506
865,40022019,2018,8,338510.74,288213.71640636213
866,40062001,2017,8,211346.21,200176.2107475102
867,40062001,2017,9,142344.92,177202.5922975801
868,40062001,2018,8,304829.01,264806.98576339707
869,40062002,2017,9,314019.71,335908.5361022651
870,40062002,2018,8,333224.17,393216.25767044537
871,40062003,2017,8,227337.65,207296.38297474757
872,40062003,2017,9,172753.98,188314.8712552581
873,40062003,2018,8,144371.81,158669.00754984468
874,40062006,2017,8,528145.77,557017.8150447216
875,40062006,2017,9,403598.79,445714.7291289419
876,40062006,2018,8,750589.56,625712.3935834374
877,40062007,2017,8,326922.93,328655.5832982082
878,40062007,2017,9,272748.33,306797.99765341915
879,40062007,2018,8,351167.6,318175.9914880283
880,40062008,2017,8,253641.7,236414.4289590437
881,40062008,2017,9,170440.73,212280.40171184577
882,40062008,2018,8,374648.66,290821.1291007884
883,40062010,2017,8,169584.34,149362.14941835403
884,40062010,2017,9,120174.01,131465.74598754756
885,40062010,2018,8,266889.56,240996.3391510658
886,40062012,2018,8,432797.47,400810.4682366308
887,41002001,2017,8,199964.66,172621.83275046386
888,41002001,2017,9,167889.52,151751.74782100506
889,41002001,2018,8,178090.23,139485.32461459003
890,41002002,2017,8,291361.6,282837.82415193506
891,41002002,2017,9,217667.81,242289.3313212283
892,41002013,2017,8,443291.23,442942.82760106213
893,41002013,2017,9,365768.77,373690.5006102547
894,41002013,2018,8,580056.14,522855.3341471292
895,41012001,2017,8,255269.07,239617.12397338822
896,41012001,2017,9,236266.98,226466.16754894517
897,41012001,2018,8,269993.45,265759.90418111905
898,41012002,2017,8,236858.56,216854.00923942588
899,41012002,2017,9,194070.56,188821.1497996729
900,41012002,2018,8,216980.21,228718.99712152593
901,41012003,2017,8,305088.74,270122.55397581495
902,41012003,2017,9,222658.2,249483.51138811
903,41012003,2018,8,362589.78,358725.6368750874
904,41012010,2017,8,381322.97,363989.8668461535
905,41012010,2017,9,291444.22,323096.2132748347
906,41012010,2018,8,422732.53,401873.03990212455
907,41012012,2017,8,138490.25,125936.15027285181
908,41012012,2017,9,100472.72,108977.67592956126
909,41012012,2018,8,145904.78,132674.95447435044
910,42002002,2017,9,755955.19,483747.1977682095
911,42002003,2017,8,209153.06,211981.2904812619
912,42002003,2017,9,172486.04,189297.56585917808
913,42002003,2018,8,195380.97,222713.6569147613
914,42002004,2017,8,665967.68,628249.0942528751
915,42002004,2017,9,496317.71,590049.3062240873
916,42002004,2018,8,756155.44,685412.0836084895
917,42002007,2017,8,198239.09,169001.62835722603
918,42002007,2017,9,146013.9,185239.1268589832
919,42002009,2018,8,273113.07,254852.1003317926
920,42002010,2017,8,384407.43,349641.1992732156
921,42002010,2017,9,321287.77,347601.85726591386
922,42002010,2018,8,414947.5,410405.9223289639
923,42002012,2017,8,267302.9,251201.64995773323
924,42002012,2017,9,181314.6,219406.54566273652
925,42002012,2018,8,412568.25,315648.9553754963
926,42002016,2018,8,198087.97,203982.69970115274
927,42002017,2018,8,179305.07,139945.87532948144
928,42002019,2018,8,453608.93,395801.5744586196
929,50002001,2017,8,401547.83,443459.4335565325
930,50002001,2017,9,389934.67,404909.53490442596
931,50002001,2018,8,428490.17,444974.159396993
932,50002005,2017,8,375834.83,400703.83966101333
933,50002005,2017,9,363844.6,392950.94199919514
934,50002005,2018,8,331220.44,329342.58129585534
935,50002007,2017,8,230216.66,264358.5413707923
936,50002007,2017,9,234739.38,241484.45983431488
937,50002007,2018,8,270127.53,282668.05597585253
938,50002009,2017,8,330295.26,325099.99673783034
939,50002009,2017,9,353647.03,362661.38505354896
940,50002009,2018,8,278390.94,305822.80447941646
941,50002013,2017,8,278119.14,333160.4708076697
942,50002013,2017,9,252602.85,283180.38418306224
943,50002013,2018,8,332769.52,306219.7618222032
944,50002015,2017,9,579716.77,515857.3102270793
945,50002015,2018,8,692668.74,727508.2765804697
946,50002021,2017,8,439750.43,479467.52953721024
947,50002021,2017,9,400571.98,443767.58787598833
948,50002021,2018,8,408463.42,409070.6502967663
949,50002022,2017,8,369990.4,363887.00699676387
950,50002022,2017,9,352661.15,377114.2783905007
951,50002022,2018,8,431795.14,436092.4360307511
952,50002023,2017,8,615667.31,644446.1001339685
953,50002023,2017,9,532307.13,627525.5875947773
954,50002023,2018,8,542441.9,621072.2068619765
955,50002024,2017,8,655119.21,723088.5760661513
956,50002024,2017,9,629132.6,654225.3755697478
957,50002024,2018,8,856286.44,788647.7542333361
958,50002025,2017,8,371462.53,400635.0510214828
959,50002025,2017,9,362247.81,354675.5299760364
960,50002026,2017,8,534058.05,548488.0768149048
961,50002026,2017,9,479506.83,525539.5051842667
962,50002026,2018,8,632076.03,644157.980018476
963,50002027,2017,8,515991.45,531649.6753019635
964,50002027,2017,9,459215.16,510056.92703328095
965,50002027,2018,8,505954.48,518148.66312373243
966,50002031,2017,8,469629.86,499730.8500802275
967,50002031,2017,9,449969.29,473862.835748367
968,50002031,2018,8,591783.18,575212.9018480722
969,50002032,2018,8,185666.96,206157.97060734965
970,50002034,2017,8,195811.39,217420.45472354442
971,50002034,2017,9,188993.28,204916.98011488654
972,50002035,2017,8,828608.1,844420.3822319675
973,50002035,2017,9,712994.5,788610.2624816559
974,50002035,2018,8,845579.79,913828.4643776082
975,50002037,2018,8,131045.22,249080.8998054769
976,50002039,2017,8,208821.21,230545.906595055
977,50002039,2017,9,204551.01,208086.86580481194
978,50002039,2018,8,274080.51,269746.3186435625
979,50002040,2017,8,502297.14,517367.7915951647
980,50002040,2017,9,534028.79,500398.9543549344
981,50002040,2018,8,709975.52,665726.0501973145
982,50002041,2017,8,534250.35,610614.6021105219
983,50002041,2017,9,644528.25,577033.3793736007
984,50002041,2018,8,643953.21,671132.5858676303
985,50002044,2017,8,313073.92,272554.96787861735
986,50002044,2017,9,228891.6,289622.45740200765
987,50002044,2018,8,372818.33,358576.40860060416
988,50002052,2017,8,153557.89,169420.7884287387
989,50002052,2017,9,162383.0,195434.48090162128
990,50002052,2018,8,206014.72,211320.38645532355
991,50002053,2017,8,527444.9,515008.04434689134
992,50002053,2017,9,612394.55,521664.6703292839
993,50002053,2018,8,826682.03,821927.0743224937
994,50002054,2017,8,366788.63,370347.3552232813
995,50002054,2017,9,393528.38,369221.05581873097
996,50002054,2018,8,446064.6,468150.9860665295
997,50002060,2017,8,457008.24,509896.5763241779
998,50002060,2017,9,526042.76,474433.52637924254
999,50002060,2018,8,500032.04,520159.155023966
1000,50002061,2017,8,247687.18,277474.0479156226
1001,50002061,2017,9,250638.35,277129.8199769873
1002,50002061,2018,8,286420.27,316114.87020424195
1003,50002062,2017,8,331561.25,403590.52682722174
1004,50002062,2017,9,326916.2,383371.09921507724
1005,50002063,2017,8,354720.74,375960.55259610154
1006,50002063,2017,9,365273.28,368153.8771451693
1007,50002063,2018,8,446182.25,452031.22854703106
1008,50002064,2018,8,665273.39,695419.9408772867
1009,50002065,2017,8,247115.81,254427.0393993631
1010,50002065,2017,9,219746.21,259252.04009935632
1011,50002065,2018,8,320719.86,344588.6975733023
1012,50002070,2018,8,123451.94,163707.58001498505
1013,50002076,2018,8,625740.52,598200.5330919102
1014,50002079,2018,8,595126.08,659840.9759369306
1015,51002001,2017,8,690678.51,774174.9443675857
1016,51002001,2017,9,708238.85,647887.3220870458
1017,51002001,2018,8,708220.75,670890.9394058175
1018,51002003,2017,8,282311.81,314590.9723212067
1019,51002003,2017,9,319921.39,308075.3500050362
1020,51002005,2017,8,562579.91,643831.0089444034
1021,51002005,2017,9,566388.96,558864.9642371908
1022,51002005,2018,8,694155.37,671948.1533726938
1023,51002006,2017,8,359437.59,327257.92338179424
1024,51002006,2017,9,386287.93,368957.8365260158
1025,51002008,2017,8,890425.31,942354.0349355321
1026,51002008,2017,9,914199.77,890348.053122703
1027,51002008,2018,8,881597.27,845282.0565017927
1028,51002010,2017,8,304117.3,364288.95957208984
1029,51002010,2017,9,319329.97,309936.37829758786
1030,51002012,2017,8,242722.8,257929.21573582478
1031,51002012,2017,9,247725.1,265482.97683572024
1032,51002012,2018,8,320863.98,324004.60874236375
1033,51002013,2017,8,137802.16,142779.51024350338
1034,51002013,2017,9,170051.45,152815.4783006832
1035,51002017,2017,8,146302.38,147764.41883241013
1036,51002017,2017,9,165336.13,161271.47492318787
1037,51002022,2017,8,370590.71,495118.7511533238
1038,51002022,2017,9,313663.0,348247.24367733113
1039,51002022,2018,8,414570.3,339882.27449746244
1040,51002024,2017,8,1113490.05,1206741.4127585962
1041,51002024,2017,9,1179336.08,1079141.9196460228
1042,51002024,2018,8,1500165.14,1371042.4406907726
1043,51002026,2017,8,452858.68,437770.1527795717
1044,51002026,2017,9,496376.98,498057.83639601804
1045,51002026,2018,8,537981.5,530618.161057042
1046,51002027,2017,8,168292.67,190779.86200416833
1047,51002027,2017,9,177065.83,175107.32158608362
1048,51002027,2018,8,214037.83,223188.26076336205
1049,51002030,2018,8,286706.85,281864.8320111148
1050,51002031,2018,8,575299.5,551806.3705906998
1051,51002033,2018,8,281637.44,292993.1192222107
1052,52002002,2017,8,700600.67,698077.2704704981
1053,52002002,2017,9,642346.41,647867.0363628902
1054,52002002,2018,8,627079.35,735842.3951266855
1055,52002003,2017,8,407286.12,376384.42090323195
1056,52002003,2017,9,419494.32,386261.1584721729
1057,52002003,2018,8,389822.37,371755.2170440294
1058,52002004,2017,8,260807.86,253140.053007219
1059,52002008,2017,8,439503.51,386599.07849072106
1060,52002008,2017,9,381774.23,427566.2489735503
1061,52002008,2018,8,392909.24,449104.78740997985
1062,52002009,2017,8,805075.29,806542.8947463054
1063,52002009,2017,9,751198.65,743163.7596933693
1064,52002009,2018,8,895245.59,907589.7498793099
1065,52002010,2017,8,442123.52,477557.20036344416
1066,52002010,2017,9,395686.35,436948.94480245374
1067,52002010,2018,8,369772.66,435927.89996161684
1068,52002011,2017,8,893046.56,1024015.6944457907
1069,52002011,2017,9,717134.31,816211.8794845752
1070,52002011,2018,8,948620.76,920090.5480348654
1071,52002012,2017,8,331246.8,328103.7952106241
1072,52002012,2017,9,285830.7,290332.162350107
1073,52002012,2018,8,343932.76,326738.40609322116
1074,52002013,2017,8,383240.12,350869.1474137027
1075,52002013,2017,9,335948.19,357597.3904080596
1076,52002013,2018,8,451043.1,486634.578804031
1077,52002014,2017,8,259021.58,269599.5883121826
1078,52002014,2017,9,209638.66,235079.88823255897
1079,52002014,2018,8,240776.52,274213.60949761793
1080,52002018,2018,8,568284.3,545635.6556668933
1081,52002019,2018,8,306867.64,341840.77948137
1082,53002005,2017,8,652470.04,636800.4938129578
1083,53002010,2017,8,1448994.35,1446623.8810891174
1084,53002010,2017,9,1158089.59,1355772.395313939
1085,53002010,2018,8,1505983.7,1440885.0062574316
1086,53002011,2017,8,590511.17,601624.9080296196
1087,53002011,2017,9,435694.43,517689.5495430678
1088,53002011,2018,8,528486.67,541120.3754929844
1089,53002013,2017,8,109486.27,96552.62744391151
1090,53002013,2017,9,87284.92,107118.20991507731
1091,53002013,2018,8,98465.63,99347.5694037173
1092,53002015,2017,8,452759.86,392803.4732770268
1093,53002015,2017,9,341450.77,414114.6259454433
1094,53002015,2018,8,410172.6,434233.66331111826
1095,53002018,2017,8,783769.77,753406.7047779988
1096,53002018,2017,9,587553.48,735864.4860998746
1097,53002018,2018,8,736916.11,680406.2451620642
1098,53002019,2017,8,406477.82,356279.8860437907
1099,53002019,2017,9,362506.7,387711.3688727487
1100,53002019,2018,8,507648.78,456233.1606748346
1101,53002020,2018,8,437525.05,371359.0467089433
1102,53002021,2018,8,1766831.45,1597701.006952148
1103,60002004,2017,8,344162.69,343813.5743683949
1104,60002004,2017,9,359115.39,349132.67098168284
1105,60002004,2018,8,339713.95,422076.8376937937
1106,60002005,2017,8,371735.83,327134.0989820007
1107,60002005,2017,9,307186.93,334667.58074152656
1108,60002005,2018,8,277961.93,318966.83533369936
1109,60002006,2017,8,407989.76,384652.1318434011
1110,60002006,2017,9,382892.28,421344.9377021231
1111,60002007,2017,8,465940.42,464274.28090487607
1112,60002007,2017,9,429844.37,443763.5420611873
1113,60002007,2018,8,434327.1,429996.3841109425
1114,60002008,2017,8,514008.89,434479.073043935
1115,60002008,2017,9,467733.11,483615.4445549417
1116,60002008,2018,8,435825.22,484694.90187879466
1117,60002020,2017,8,170618.08,174454.07910423353
1118,60002020,2017,9,180263.74,175628.8900255859
1119,60002020,2018,8,184537.6,188779.41239005886
1120,60002021,2017,8,91961.28,67088.73348872364
1121,60002021,2017,9,66180.83,89703.27556020953
1122,60002022,2017,8,450513.85,457647.0495878365
1123,60002022,2017,9,451529.55,422455.0990009997
1124,60002022,2018,8,485576.61,478254.55844673514
1125,60002023,2017,8,439370.14,426317.09542937577
1126,60002023,2017,9,393060.49,388352.1011549793
1127,60002024,2017,8,108161.86,68914.66320556961
1128,60002024,2017,9,93668.56,108054.14940555207
1129,60002026,2017,8,400033.98,380385.37469787337
1130,60002026,2017,9,369620.17,401788.31041823514
1131,60002026,2018,8,446194.16,438008.3760448955
1132,60002028,2017,8,325950.01,322653.4081603531
1133,60002028,2017,9,343031.66,308249.9784754813
1134,60002028,2018,8,359367.4,406953.46893894114
1135,60002030,2017,8,221605.55,181701.50887714513
1136,60002030,2017,9,203970.39,211074.49917908758
1137,60002030,2018,8,245848.6,270205.3496774342
1138,60002032,2017,8,200555.03,172330.97274247557
1139,60002032,2017,9,168335.94,185518.97273274325
1140,60002032,2018,8,230791.34,254828.3956842553
1141,60002033,2017,8,879955.03,874366.859378269
1142,60002033,2017,9,788509.99,790175.2668871339
1143,60002033,2018,8,807425.42,862313.6019580979
1144,60002034,2017,8,219292.03,204395.00729809515
1145,60002034,2017,9,215669.04,198016.70317102782
1146,60002034,2018,8,269332.79,278456.6840499863
1147,60002039,2018,8,259687.85,277919.46381151304
1148,60002040,2018,8,193343.05,233604.23745451123
1149,60002041,2018,8,435061.51,441705.62003612146
1150,60002043,2018,8,821804.78,865484.0420948677
1151,61002001,2017,8,788944.4,754640.554046601
1152,61002001,2017,9,690810.52,775958.8131835852
1153,61002001,2018,8,640826.64,645215.6743452232
1154,61002002,2017,8,141391.48,119308.42974922992
1155,61002002,2017,9,110973.41,121636.69360281713
1156,61002002,2018,8,121072.83,138793.6674034577
1157,61002003,2017,8,95993.7,66328.43828874268
1158,61002003,2017,9,86447.91,90947.65911776014
1159,61002003,2018,8,73426.23,84257.20437484421
1160,61002007,2017,8,138803.83,109611.11518601887
1161,61002007,2017,9,102776.98,143322.83912267722
1162,61002007,2018,8,111165.71,128950.56267485768
1163,61002008,2018,8,543405.34,538521.6808749232
1164,61002009,2018,8,453694.08,483286.6440781858
1165,61002010,2018,8,963000.21,905639.2773888633
1166,62002003,2017,8,173725.04,133878.8548886925
1167,62002003,2017,9,119820.98,147317.1866591312
1168,62002005,2017,8,283163.35,252676.13408845477
1169,62002005,2017,9,224796.86,223016.63977034204
1170,63002001,2017,8,1075603.18,888503.6152453013
1171,63002001,2017,9,905265.14,923240.2518395539
1172,63002001,2018,8,1017954.32,1087896.668439133
1173,63002002,2017,8,906847.17,814777.9822877888
1174,63002002,2017,9,779047.03,821090.2453116998
1175,63002002,2018,8,811777.75,914058.5190354958
1176,64002003,2017,8,390157.8,358146.06172335707
1177,64002003,2017,9,402800.49,350988.3645366132
1178,64002004,2017,8,560469.32,478683.20801334083
1179,64002004,2017,9,536002.59,453189.680433644
1180,64002004,2018,8,561074.89,611581.5982536934
1181,64002005,2017,8,357971.19,303960.8361516483
1182,64002005,2017,9,429024.43,296857.8332294356
1183,64002005,2018,8,415809.42,459505.82079525106
1184,64002006,2017,8,260772.11,250620.70411619544
1185,64002006,2017,9,266075.29,219563.22112185322
1186,64002006,2018,8,382160.2,412152.4664853029
1187,64002009,2017,9,1096486.37,965864.8895781357
1188,64002009,2018,8,1007506.41,1029982.981613243
1189,64002010,2018,8,295399.01,348801.6635764949
1190,64002011,2018,8,303201.65,296591.7995072417
1191,64002012,2018,8,459925.57,534168.309549218
1192,64002013,2018,8,713347.34,771336.5265807062
1193,65002001,2017,8,450772.15,451556.2607461065
1194,65002001,2017,9,467140.09,443386.1323871203
1195,65002001,2018,8,343850.41,396364.28017454036
1196,65002002,2017,8,478331.97,463352.756171152
1197,65002002,2017,9,454070.31,443692.5337391831
1198,65002002,2018,8,440905.21,433499.16963108256
1199,65002003,2017,8,272132.9,204741.89590429887
1200,65002003,2017,9,255952.48,231181.96609076485
1201,65002003,2018,8,232506.49,250734.59000258707
1202,70002002,2017,8,185950.62,123883.77977250516
1203,70002002,2017,9,267479.43,216723.3657834474
1204,70002003,2017,8,249758.37,253322.44644591957
1205,70002003,2017,9,308499.63,283754.0114751477
1206,70002005,2017,8,600132.77,616547.3502466213
1207,70002005,2017,9,625426.64,603163.8246939164
1208,70002009,2017,8,534807.8,605853.9687246662
1209,70002009,2017,9,589086.63,527386.538147172
1210,70002009,2018,8,613342.02,608495.475399131
1211,70002013,2017,8,442928.12,454861.74180370197
1212,70002013,2017,9,518718.69,445134.48494230397
1213,70002013,2018,8,542400.49,562180.9311527777
1214,70002014,2017,8,554041.93,571298.3136453982
1215,70002014,2017,9,687329.47,631291.1678921953
1216,70002014,2018,8,695912.49,709510.428666506
1217,70002016,2017,8,234859.75,480666.29168102704
1218,70002016,2017,9,460419.22,330315.71791196987
1219,70002016,2018,8,334699.16,279002.8610851411
1220,70002017,2017,8,483234.9,469065.4107249044
1221,70002017,2017,9,470661.15,447330.6483540572
1222,70002018,2017,8,366247.77,382247.05564680323
1223,70002018,2017,9,549897.74,423890.51101704873
1224,70002018,2018,8,443144.95,420736.14909857325
1225,70002022,2017,8,222697.0,176012.0724652633
1226,70002022,2017,9,321821.64,241340.1082660649
1227,70002022,2018,8,255855.11,246816.45923514478
1228,70002023,2017,8,202097.88,197411.9956096392
1229,70002023,2017,9,183606.2,196284.17015290633
1230,70002023,2018,8,153172.49,150314.32029687427
1231,70002024,2017,8,348260.81,421205.1833076421
1232,70002024,2017,9,354820.29,352533.62716386653
1233,70002025,2017,8,267129.75,249738.90010666102
1234,70002025,2017,9,313273.79,282675.8233450316
1235,70002025,2018,8,295659.3,305725.48246396147
1236,70002026,2017,8,191678.55,194583.94182321243
1237,70002026,2017,9,189145.72,186632.01929909922
1238,70002026,2018,8,209139.34,237571.56620722637
1239,70002028,2017,8,328819.49,328551.57552632876
1240,70002028,2017,9,340447.9,341390.2117821947
1241,70002029,2017,8,377292.13,365321.5553975105
1242,70002029,2017,9,395680.63,368891.7607613839
1243,70002029,2018,8,371255.09,408165.2316018138
1244,70002030,2017,8,509743.73,495722.6992380973
1245,70002030,2017,9,491629.94,508856.7875395417
1246,70002030,2018,8,542920.72,577219.9909061994
1247,70002031,2017,8,294414.7,279900.74256861396
1248,70002031,2017,9,265238.15,300749.63226472586
1249,70002031,2018,8,230752.2,253579.4241405502
1250,70002032,2017,8,443225.17,415769.4849436544
1251,70002032,2017,9,480318.57,429418.2083896175
1252,70002032,2018,8,534695.34,546165.4333804697
1253,70002033,2017,8,448029.67,417125.6644984875
1254,70002033,2017,9,578090.5,441429.04921536334
1255,70002033,2018,8,498172.09,544074.8963221144
1256,70002037,2017,8,318527.96,329580.6263491325
1257,70002037,2017,9,357396.45,321415.2842161879
1258,70002037,2018,8,423845.24,396960.3081525825
1259,70002038,2017,8,377699.06,360125.225224575
1260,70002038,2017,9,410132.55,384481.00824886933
1261,70002038,2018,8,533613.72,488418.36245982535
1262,70002039,2017,8,655262.91,756384.7699644696
1263,70002039,2017,9,676743.69,600147.5373300053
1264,70002039,2018,8,764694.22,766521.9568924475
1265,70002040,2017,8,238039.08,200757.79051301442
1266,70002040,2017,9,268641.45,241853.73535873182
1267,70002040,2018,8,272543.13,288099.0420005806
1268,70002041,2017,8,268442.46,215446.30869668722
1269,70002041,2017,9,246123.37,240607.1845028419
1270,70002041,2018,8,233249.65,255832.17442547902
1271,70002042,2018,8,114401.58,152194.7816318255
1272,70002043,2018,8,182045.32,200595.5088772457
1273,70002046,2018,8,368522.26,385889.3208072502
1274,70002047,2018,8,454966.29,460045.4714176133
1275,70012001,2017,8,412332.93,385105.68994099647
1276,70012001,2017,9,412646.86,354733.02693482675
1277,70012001,2018,8,430097.09,454856.9754339531
1278,70012009,2017,8,263577.04,280958.46205634624
1279,70012009,2017,9,272547.4,251636.38477295078
1280,70012009,2018,8,291497.16,312794.99903103523
1281,70012011,2018,8,197224.07,216920.53549578786
1282,70012012,2018,8,520064.19,548308.4269181825
1283,71002001,2017,8,107072.97,128463.99990922958
1284,71002001,2017,9,90588.79,123765.56656136177
1285,71002002,2017,8,189532.72,150776.5194658134
1286,71002002,2017,9,201577.59,177648.71544983797
1287,71002004,2017,8,450534.07,437016.32439865917
1288,71002004,2017,9,412635.09,450456.4986632336
1289,71002004,2018,8,422049.44,419776.1112841945
1290,71002006,2017,8,228183.04,186648.36734651215
1291,71002006,2017,9,200661.48,216496.3186597377
1292,71002006,2018,8,156269.08,190562.45025200397
1293,71002007,2017,8,224813.03,192128.83821363375
1294,71002007,2017,9,245625.79,216652.6279447861
1295,71002009,2017,8,270486.39,274894.31524980254
1296,71002009,2017,9,286894.98,281188.3639010433
1297,71002009,2018,8,306174.33,305586.9359410424
1298,71002012,2017,8,293072.36,294465.30230114236
1299,71002012,2017,9,249542.16,289271.02413598634
1300,71002014,2017,8,643592.89,631739.3434543163
1301,71002014,2017,9,573051.49,602209.0120395981
1302,71002014,2018,8,596067.44,614235.2090517413
1303,71002015,2018,8,341499.31,327021.55480870977
1304,71002016,2017,8,160882.96,145847.59533846192
1305,71002016,2017,9,197503.0,155338.71189261228
1306,71002016,2018,8,219688.44,195778.24642044492
1307,71002018,2017,8,100405.72,89189.18080309406
1308,71002018,2017,9,109035.74,92889.79412368685
1309,71002018,2018,8,79157.15,95984.45010298863
1310,71002021,2018,8,184407.51,189370.03816390224
1311,71002022,2018,8,184306.4,181261.20997791365
1312,71002023,2018,8,172063.76,171379.89492698014
1313,71002024,2018,8,362749.62,354353.2390849907
1314,71002025,2018,8,260094.3,251990.29405866563
1315,71002026,2018,8,162414.91,175674.14646855928
1316,72002004,2017,8,180377.68,201689.21349152736
1317,72002004,2017,9,162165.95,171938.32307075523
1318,72002004,2018,8,160641.24,158524.46674271114
1319,72002005,2017,8,479374.93,463603.94590239786
1320,72002005,2017,9,422267.31,446398.1135593299
1321,72002005,2018,8,457227.28,460708.83422339335
1322,72002006,2017,8,171893.99,217785.7173495628
1323,72002006,2017,9,145257.59,121508.70142779686
1324,72002006,2018,8,180474.21,181979.05620667525
1325,72002007,2017,8,337942.8,337759.1106550731
1326,72002007,2017,9,244625.22,304956.1792810708
1327,72002007,2018,8,402138.74,371333.0350817647
1328,72002009,2017,8,304314.87,340396.2333699241
1329,72002009,2017,9,313868.73,324250.48355549946
1330,72002009,2018,8,341355.92,319024.1809961088
1331,72002010,2017,8,360678.0,381904.8147597965
1332,72002010,2017,9,303133.1,328708.0927831214
1333,72002010,2018,8,416538.84,358348.4912907127
1334,72002011,2017,8,390246.67,372746.3313769568
1335,72002011,2017,9,309439.75,326631.41219974495
1336,72002011,2018,8,514746.67,471194.5371951293
1337,72002012,2017,8,258086.5,259007.2538461201
1338,72002012,2017,9,220022.69,244558.49847033992
1339,72002012,2018,8,283529.91,284197.9850319233
1340,72002015,2017,8,181993.46,139084.896755144
1341,72002015,2017,9,124295.65,170613.59828156605
1342,72002015,2018,8,171428.4,175432.57792395167
1343,72002016,2017,8,229650.37,205734.63378932327
1344,72002016,2017,9,188281.16,203222.5961422138
1345,72002016,2018,8,373830.64,331260.1169055216
1346,72002018,2018,8,271750.68,232198.6470577754
1347,73002001,2017,8,386221.2,378303.8502293639
1348,73002001,2017,9,373221.23,332174.949649686
1349,73002001,2018,8,338319.99,339176.340567708
1350,73002004,2017,8,366839.45,336665.8105869908
1351,73002004,2017,9,362400.36,353281.4082798399
1352,73002004,2018,8,443578.68,453410.449844243
1353,73002007,2017,8,331962.36,337306.9963387102
1354,73002007,2017,9,349098.8,303588.4734005071
1355,73002007,2018,8,420522.1,417093.8818530701
1356,73002009,2017,8,244030.57,222582.84238730557
1357,73002009,2017,9,237349.94,236575.86716046743
1358,73002009,2018,8,214153.94,260553.9272998646
1359,73002010,2017,8,156909.79,128642.624202203
1360,73002013,2017,8,250063.61,216610.3567938581
1361,73002013,2017,9,282274.46,217383.07367696613
1362,73002013,2018,8,265948.16,299345.55154016986
1363,73002015,2017,8,209672.29,178338.57328989916
1364,73002015,2017,9,190751.45,182054.77078512497
1365,73002015,2018,8,216354.64,245201.67388677597
1366,73002016,2017,8,217090.89,202128.5168789886
1367,73002016,2017,9,203397.42,189053.22217336297
1368,73002016,2018,8,252408.9,248281.04774398357
1369,73002019,2017,8,406422.81,341296.4062273614
1370,73002019,2017,9,336933.33,365039.1405887492
1371,73002019,2018,8,410677.0,412816.25703362375
1372,73002020,2017,8,349567.36,298191.078015754
1373,73002020,2017,9,295468.73,304580.84539834596
1374,73002020,2018,8,344637.17,357367.51306295395
1375,73002023,2017,8,626712.93,612820.6609195787
1376,73002023,2017,9,526088.19,561235.5686878338
1377,73002023,2018,8,525221.0,572051.059704259
1378,73002026,2017,8,432018.85,365320.65241966397
1379,73002026,2017,9,331457.32,360152.18969435245
1380,73002026,2018,8,416923.73,443702.7256768774
1381,73002030,2018,8,1124129.5,1102459.8619723655
1382,73002032,2018,8,573175.49,537706.3958902732
